country_region_code,country_region,sub_region_1,sub_region_2,metro_area,iso_3166_2_code,census_fips_code,place_id,date,retail_and_recreation_percent_change_from_baseline,grocery_and_pharmacy_percent_change_from_baseline,parks_percent_change_from_baseline,transit_stations_percent_change_from_baseline,workplaces_percent_change_from_baseline,residential_percent_change_from_baseline
QA,Qatar,,,,,,ChIJf-jc_zTFRT4RMkArgc-I-hw,2020-02-15,-3.0,0.0,7.0,1.0,5.0,1.0
QA,Qatar,,,,,,ChIJf-jc_zTFRT4RMkArgc-I-hw,2020-02-16,-1.0,0.0,16.0,3.0,3.0,1.0
QA,Qatar,,,,,,ChIJf-jc_zTFRT4RMkArgc-I-hw,2020-02-17,-1.0,-1.0,9.0,1.0,4.0,1.0
QA,Qatar,,,,,,ChIJf-jc_zTFRT4RMkArgc-I-hw,2020-02-18,-3.0,-3.0,8.0,1.0,4.0,1.0
QA,Qatar,,,,,,ChIJf-jc_zTFRT4RMkArgc-I-hw,2020-02-19,-3.0,-4.0,7.0,-1.0,4.0,1.0
QA,Qatar,,,,,,ChIJf-jc_zTFRT4RMkArgc-I-hw,2020-02-20,-1.0,-1.0,8.0,-2.0,3.0,2.0
QA,Qatar,,,,,,ChIJf-jc_zTFRT4RMkArgc-I-hw,2020-02-21,-1.0,0.0,12.0,-2.0,2.0,1.0
QA,Qatar,,,,,,ChIJf-jc_zTFRT4RMkArgc-I-hw,2020-02-22,-1.0,-1.0,10.0,-1.0,5.0,1.0
QA,Qatar,,,,,,ChIJf-jc_zTFRT4RMkArgc-I-hw,2020-02-23,-1.0,-2.0,18.0,0.0,5.0,1.0
QA,Qatar,,,,,,ChIJf-jc_zTFRT4RMkArgc-I-hw,2020-02-24,-1.0,-3.0,9.0,0.0,5.0,1.0
QA,Qatar,,,,,,ChIJf-jc_zTFRT4RMkArgc-I-hw,2020-02-25,-2.0,-3.0,10.0,0.0,4.0,1.0
QA,Qatar,,,,,,ChIJf-jc_zTFRT4RMkArgc-I-hw,2020-02-26,-3.0,-3.0,-2.0,-2.0,4.0,1.0
QA,Qatar,,,,,,ChIJf-jc_zTFRT4RMkArgc-I-hw,2020-02-27,4.0,6.0,5.0,-1.0,4.0,1.0
QA,Qatar,,,,,,ChIJf-jc_zTFRT4RMkArgc-I-hw,2020-02-28,2.0,6.0,6.0,-2.0,4.0,1.0
QA,Qatar,,,,,,ChIJf-jc_zTFRT4RMkArgc-I-hw,2020-02-29,3.0,7.0,6.0,0.0,6.0,1.0
QA,Qatar,,,,,,ChIJf-jc_zTFRT4RMkArgc-I-hw,2020-03-01,4.0,8.0,13.0,1.0,4.0,1.0
QA,Qatar,,,,,,ChIJf-jc_zTFRT4RMkArgc-I-hw,2020-03-02,2.0,7.0,1.0,0.0,5.0,1.0
QA,Qatar,,,,,,ChIJf-jc_zTFRT4RMkArgc-I-hw,2020-03-03,1.0,5.0,3.0,-1.0,5.0,1.0
QA,Qatar,,,,,,ChIJf-jc_zTFRT4RMkArgc-I-hw,2020-03-04,0.0,6.0,-4.0,-2.0,5.0,2.0
QA,Qatar,,,,,,ChIJf-jc_zTFRT4RMkArgc-I-hw,2020-03-05,2.0,8.0,4.0,-4.0,5.0,2.0
QA,Qatar,,,,,,ChIJf-jc_zTFRT4RMkArgc-I-hw,2020-03-06,-1.0,7.0,3.0,-5.0,4.0,2.0
QA,Qatar,,,,,,ChIJf-jc_zTFRT4RMkArgc-I-hw,2020-03-07,0.0,5.0,5.0,-3.0,7.0,2.0
QA,Qatar,,,,,,ChIJf-jc_zTFRT4RMkArgc-I-hw,2020-03-08,2.0,5.0,9.0,-2.0,6.0,1.0
QA,Qatar,,,,,,ChIJf-jc_zTFRT4RMkArgc-I-hw,2020-03-09,-2.0,16.0,-1.0,-8.0,6.0,2.0
QA,Qatar,,,,,,ChIJf-jc_zTFRT4RMkArgc-I-hw,2020-03-10,-6.0,4.0,1.0,-9.0,2.0,4.0
QA,Qatar,,,,,,ChIJf-jc_zTFRT4RMkArgc-I-hw,2020-03-11,-11.0,0.0,-4.0,-14.0,2.0,4.0
QA,Qatar,,,,,,ChIJf-jc_zTFRT4RMkArgc-I-hw,2020-03-12,-18.0,1.0,-12.0,-21.0,0.0,8.0
QA,Qatar,,,,,,ChIJf-jc_zTFRT4RMkArgc-I-hw,2020-03-13,-35.0,-15.0,-26.0,-37.0,-4.0,10.0
QA,Qatar,,,,,,ChIJf-jc_zTFRT4RMkArgc-I-hw,2020-03-14,-25.0,-8.0,-14.0,-30.0,0.0,8.0
QA,Qatar,,,,,,ChIJf-jc_zTFRT4RMkArgc-I-hw,2020-03-15,-17.0,-4.0,-3.0,-23.0,-5.0,9.0
QA,Qatar,,,,,,ChIJf-jc_zTFRT4RMkArgc-I-hw,2020-03-16,-26.0,-4.0,-11.0,-28.0,-8.0,10.0
QA,Qatar,,,,,,ChIJf-jc_zTFRT4RMkArgc-I-hw,2020-03-17,-31.0,-4.0,-12.0,-33.0,-15.0,13.0
QA,Qatar,,,,,,ChIJf-jc_zTFRT4RMkArgc-I-hw,2020-03-18,-41.0,-13.0,-23.0,-39.0,-20.0,16.0
QA,Qatar,,,,,,ChIJf-jc_zTFRT4RMkArgc-I-hw,2020-03-19,-43.0,-15.0,-21.0,-43.0,-22.0,19.0
QA,Qatar,,,,,,ChIJf-jc_zTFRT4RMkArgc-I-hw,2020-03-20,-58.0,-32.0,-40.0,-52.0,-24.0,16.0
QA,Qatar,,,,,,ChIJf-jc_zTFRT4RMkArgc-I-hw,2020-03-21,-46.0,-20.0,-25.0,-43.0,-18.0,15.0
QA,Qatar,,,,,,ChIJf-jc_zTFRT4RMkArgc-I-hw,2020-03-22,-48.0,-26.0,-33.0,-48.0,-26.0,20.0
QA,Qatar,,,,,,ChIJf-jc_zTFRT4RMkArgc-I-hw,2020-03-23,-49.0,-24.0,-37.0,-48.0,-27.0,20.0
QA,Qatar,,,,,,ChIJf-jc_zTFRT4RMkArgc-I-hw,2020-03-24,-49.0,-23.0,-36.0,-48.0,-29.0,20.0
QA,Qatar,,,,,,ChIJf-jc_zTFRT4RMkArgc-I-hw,2020-03-25,-50.0,-22.0,-41.0,-49.0,-29.0,21.0
QA,Qatar,,,,,,ChIJf-jc_zTFRT4RMkArgc-I-hw,2020-03-26,-50.0,-20.0,-44.0,-52.0,-30.0,23.0
QA,Qatar,,,,,,ChIJf-jc_zTFRT4RMkArgc-I-hw,2020-03-27,-68.0,-39.0,-66.0,-63.0,-32.0,19.0
QA,Qatar,,,,,,ChIJf-jc_zTFRT4RMkArgc-I-hw,2020-03-28,-57.0,-29.0,-45.0,-53.0,-25.0,19.0
QA,Qatar,,,,,,ChIJf-jc_zTFRT4RMkArgc-I-hw,2020-03-29,-51.0,-25.0,-34.0,-52.0,-31.0,22.0
QA,Qatar,,,,,,ChIJf-jc_zTFRT4RMkArgc-I-hw,2020-03-30,-52.0,-24.0,-41.0,-51.0,-31.0,21.0
QA,Qatar,,,,,,ChIJf-jc_zTFRT4RMkArgc-I-hw,2020-03-31,-52.0,-24.0,-39.0,-51.0,-32.0,21.0
QA,Qatar,,,,,,ChIJf-jc_zTFRT4RMkArgc-I-hw,2020-04-01,-52.0,-23.0,-44.0,-52.0,-33.0,21.0
QA,Qatar,,,,,,ChIJf-jc_zTFRT4RMkArgc-I-hw,2020-04-02,-55.0,-22.0,-47.0,-56.0,-35.0,26.0
QA,Qatar,,,,,,ChIJf-jc_zTFRT4RMkArgc-I-hw,2020-04-03,-67.0,-38.0,-66.0,-65.0,-36.0,20.0
QA,Qatar,,,,,,ChIJf-jc_zTFRT4RMkArgc-I-hw,2020-04-04,-56.0,-26.0,-45.0,-54.0,-29.0,20.0
QA,Qatar,,,,,,ChIJf-jc_zTFRT4RMkArgc-I-hw,2020-04-05,-50.0,-21.0,-35.0,-52.0,-36.0,24.0
QA,Qatar,,,,,,ChIJf-jc_zTFRT4RMkArgc-I-hw,2020-04-06,-52.0,-22.0,-38.0,-53.0,-36.0,24.0
QA,Qatar,,,,,,ChIJf-jc_zTFRT4RMkArgc-I-hw,2020-04-07,-53.0,-23.0,-37.0,-55.0,-37.0,24.0
QA,Qatar,,,,,,ChIJf-jc_zTFRT4RMkArgc-I-hw,2020-04-08,-54.0,-24.0,-43.0,-56.0,-37.0,24.0
QA,Qatar,,,,,,ChIJf-jc_zTFRT4RMkArgc-I-hw,2020-04-09,-54.0,-20.0,-44.0,-58.0,-37.0,27.0
QA,Qatar,,,,,,ChIJf-jc_zTFRT4RMkArgc-I-hw,2020-04-10,-72.0,-47.0,-67.0,-69.0,-40.0,21.0
QA,Qatar,,,,,,ChIJf-jc_zTFRT4RMkArgc-I-hw,2020-04-11,-63.0,-35.0,-48.0,-60.0,-39.0,23.0
QA,Qatar,,,,,,ChIJf-jc_zTFRT4RMkArgc-I-hw,2020-04-12,-48.0,-23.0,-33.0,-54.0,-36.0,23.0
QA,Qatar,,,,,,ChIJf-jc_zTFRT4RMkArgc-I-hw,2020-04-13,-54.0,-31.0,-42.0,-57.0,-37.0,24.0
QA,Qatar,,,,,,ChIJf-jc_zTFRT4RMkArgc-I-hw,2020-04-14,-51.0,-25.0,-37.0,-54.0,-37.0,23.0
QA,Qatar,,,,,,ChIJf-jc_zTFRT4RMkArgc-I-hw,2020-04-15,-55.0,-31.0,-44.0,-58.0,-39.0,26.0
QA,Qatar,,,,,,ChIJf-jc_zTFRT4RMkArgc-I-hw,2020-04-16,-53.0,-24.0,-43.0,-57.0,-37.0,27.0
QA,Qatar,,,,,,ChIJf-jc_zTFRT4RMkArgc-I-hw,2020-04-17,-69.0,-44.0,-64.0,-68.0,-38.0,21.0
QA,Qatar,,,,,,ChIJf-jc_zTFRT4RMkArgc-I-hw,2020-04-18,-62.0,-35.0,-47.0,-59.0,-37.0,22.0
QA,Qatar,,,,,,ChIJf-jc_zTFRT4RMkArgc-I-hw,2020-04-19,-49.0,-26.0,-34.0,-55.0,-35.0,23.0
QA,Qatar,,,,,,ChIJf-jc_zTFRT4RMkArgc-I-hw,2020-04-20,-51.0,-27.0,-39.0,-54.0,-36.0,23.0
QA,Qatar,,,,,,ChIJf-jc_zTFRT4RMkArgc-I-hw,2020-04-21,-52.0,-27.0,-39.0,-54.0,-36.0,23.0
QA,Qatar,,,,,,ChIJf-jc_zTFRT4RMkArgc-I-hw,2020-04-22,-53.0,-24.0,-44.0,-54.0,-37.0,23.0
QA,Qatar,,,,,,ChIJf-jc_zTFRT4RMkArgc-I-hw,2020-04-23,-52.0,-16.0,-46.0,-56.0,-37.0,26.0
QA,Qatar,,,,,,ChIJf-jc_zTFRT4RMkArgc-I-hw,2020-04-24,-72.0,-41.0,-70.0,-69.0,-40.0,22.0
QA,Qatar,,,,,,ChIJf-jc_zTFRT4RMkArgc-I-hw,2020-04-25,-66.0,-37.0,-53.0,-61.0,-39.0,25.0
QA,Qatar,,,,,,ChIJf-jc_zTFRT4RMkArgc-I-hw,2020-04-26,-54.0,-30.0,-41.0,-57.0,-38.0,27.0
QA,Qatar,,,,,,ChIJf-jc_zTFRT4RMkArgc-I-hw,2020-04-27,-57.0,-31.0,-45.0,-57.0,-39.0,28.0
QA,Qatar,,,,,,ChIJf-jc_zTFRT4RMkArgc-I-hw,2020-04-28,-56.0,-28.0,-42.0,-55.0,-39.0,25.0
QA,Qatar,,,,,,ChIJf-jc_zTFRT4RMkArgc-I-hw,2020-04-29,-56.0,-28.0,-45.0,-55.0,-39.0,27.0
QA,Qatar,,,,,,ChIJf-jc_zTFRT4RMkArgc-I-hw,2020-04-30,-57.0,-27.0,-49.0,-56.0,-39.0,29.0
QA,Qatar,,,,,,ChIJf-jc_zTFRT4RMkArgc-I-hw,2020-05-01,-68.0,-40.0,-67.0,-64.0,-38.0,20.0
QA,Qatar,,,,,,ChIJf-jc_zTFRT4RMkArgc-I-hw,2020-05-02,-62.0,-32.0,-49.0,-56.0,-39.0,23.0
QA,Qatar,,,,,,ChIJf-jc_zTFRT4RMkArgc-I-hw,2020-05-03,-49.0,-22.0,-35.0,-53.0,-38.0,25.0
QA,Qatar,,,,,,ChIJf-jc_zTFRT4RMkArgc-I-hw,2020-05-04,-52.0,-24.0,-42.0,-53.0,-39.0,26.0
QA,Qatar,,,,,,ChIJf-jc_zTFRT4RMkArgc-I-hw,2020-05-05,-53.0,-25.0,-41.0,-52.0,-38.0,26.0
QA,Qatar,,,,,,ChIJf-jc_zTFRT4RMkArgc-I-hw,2020-05-06,-52.0,-21.0,-41.0,-50.0,-38.0,26.0
QA,Qatar,,,,,,ChIJf-jc_zTFRT4RMkArgc-I-hw,2020-05-07,-53.0,-20.0,-45.0,-52.0,-36.0,29.0
QA,Qatar,,,,,,ChIJf-jc_zTFRT4RMkArgc-I-hw,2020-05-08,-67.0,-37.0,-65.0,-63.0,-36.0,20.0
QA,Qatar,,,,,,ChIJf-jc_zTFRT4RMkArgc-I-hw,2020-05-09,-60.0,-28.0,-47.0,-54.0,-36.0,23.0
QA,Qatar,,,,,,ChIJf-jc_zTFRT4RMkArgc-I-hw,2020-05-10,-46.0,-16.0,-33.0,-49.0,-35.0,25.0
QA,Qatar,,,,,,ChIJf-jc_zTFRT4RMkArgc-I-hw,2020-05-11,-48.0,-18.0,-38.0,-48.0,-36.0,25.0
QA,Qatar,,,,,,ChIJf-jc_zTFRT4RMkArgc-I-hw,2020-05-12,-49.0,-19.0,-37.0,-47.0,-35.0,25.0
QA,Qatar,,,,,,ChIJf-jc_zTFRT4RMkArgc-I-hw,2020-05-13,-49.0,-20.0,-41.0,-50.0,-36.0,25.0
QA,Qatar,,,,,,ChIJf-jc_zTFRT4RMkArgc-I-hw,2020-05-14,-52.0,-21.0,-43.0,-53.0,-36.0,28.0
QA,Qatar,,,,,,ChIJf-jc_zTFRT4RMkArgc-I-hw,2020-05-15,-66.0,-37.0,-65.0,-64.0,-34.0,20.0
QA,Qatar,,,,,,ChIJf-jc_zTFRT4RMkArgc-I-hw,2020-05-16,-57.0,-27.0,-44.0,-54.0,-34.0,23.0
QA,Qatar,,,,,,ChIJf-jc_zTFRT4RMkArgc-I-hw,2020-05-17,-44.0,-16.0,-32.0,-49.0,-34.0,25.0
QA,Qatar,,,,,,ChIJf-jc_zTFRT4RMkArgc-I-hw,2020-05-18,-46.0,-17.0,-36.0,-47.0,-35.0,25.0
QA,Qatar,,,,,,ChIJf-jc_zTFRT4RMkArgc-I-hw,2020-05-19,-48.0,-15.0,-32.0,-44.0,-39.0,22.0
QA,Qatar,,,,,,ChIJf-jc_zTFRT4RMkArgc-I-hw,2020-05-20,-48.0,-12.0,-32.0,-42.0,-40.0,24.0
QA,Qatar,,,,,,ChIJf-jc_zTFRT4RMkArgc-I-hw,2020-05-21,-48.0,-9.0,-34.0,-40.0,-40.0,27.0
QA,Qatar,,,,,,ChIJf-jc_zTFRT4RMkArgc-I-hw,2020-05-22,-58.0,-23.0,-57.0,-54.0,-27.0,17.0
QA,Qatar,,,,,,ChIJf-jc_zTFRT4RMkArgc-I-hw,2020-05-23,-47.0,-2.0,-34.0,-42.0,-38.0,21.0
QA,Qatar,,,,,,ChIJf-jc_zTFRT4RMkArgc-I-hw,2020-05-24,-57.0,-31.0,-34.0,-53.0,-74.0,34.0
QA,Qatar,,,,,,ChIJf-jc_zTFRT4RMkArgc-I-hw,2020-05-25,-54.0,-19.0,-39.0,-53.0,-71.0,33.0
QA,Qatar,,,,,,ChIJf-jc_zTFRT4RMkArgc-I-hw,2020-05-26,-53.0,-19.0,-38.0,-52.0,-64.0,31.0
QA,Qatar,,,,,,ChIJf-jc_zTFRT4RMkArgc-I-hw,2020-05-27,-47.0,-14.0,-31.0,-43.0,-39.0,22.0
QA,Qatar,,,,,,ChIJf-jc_zTFRT4RMkArgc-I-hw,2020-05-28,-49.0,-17.0,-34.0,-47.0,-38.0,26.0
QA,Qatar,,,,,,ChIJf-jc_zTFRT4RMkArgc-I-hw,2020-05-29,-61.0,-31.0,-58.0,-60.0,-28.0,18.0
QA,Qatar,,,,,,ChIJf-jc_zTFRT4RMkArgc-I-hw,2020-05-30,-50.0,-18.0,-34.0,-45.0,-23.0,18.0
QA,Qatar,,,,,,ChIJf-jc_zTFRT4RMkArgc-I-hw,2020-05-31,-30.0,1.0,-16.0,-39.0,-23.0,18.0
QA,Qatar,,,,,,ChIJf-jc_zTFRT4RMkArgc-I-hw,2020-06-01,-30.0,4.0,-22.0,-35.0,-23.0,18.0
QA,Qatar,,,,,,ChIJf-jc_zTFRT4RMkArgc-I-hw,2020-06-02,-31.0,3.0,-22.0,-35.0,-23.0,18.0
QA,Qatar,,,,,,ChIJf-jc_zTFRT4RMkArgc-I-hw,2020-06-03,-30.0,5.0,-24.0,-35.0,-23.0,18.0
QA,Qatar,,,,,,ChIJf-jc_zTFRT4RMkArgc-I-hw,2020-06-04,-29.0,9.0,-25.0,-37.0,-22.0,19.0
QA,Qatar,,,,,,ChIJf-jc_zTFRT4RMkArgc-I-hw,2020-06-05,-49.0,-8.0,-51.0,-53.0,-21.0,16.0
QA,Qatar,,,,,,ChIJf-jc_zTFRT4RMkArgc-I-hw,2020-06-06,-37.0,3.0,-26.0,-38.0,-17.0,15.0
QA,Qatar,,,,,,ChIJf-jc_zTFRT4RMkArgc-I-hw,2020-06-07,-17.0,20.0,-4.0,-30.0,-19.0,15.0
QA,Qatar,,,,,,ChIJf-jc_zTFRT4RMkArgc-I-hw,2020-06-08,-20.0,17.0,-14.0,-30.0,-17.0,16.0
QA,Qatar,,,,,,ChIJf-jc_zTFRT4RMkArgc-I-hw,2020-06-09,-23.0,13.0,-14.0,-31.0,-17.0,16.0
QA,Qatar,,,,,,ChIJf-jc_zTFRT4RMkArgc-I-hw,2020-06-10,-23.0,13.0,-17.0,-31.0,-18.0,16.0
QA,Qatar,,,,,,ChIJf-jc_zTFRT4RMkArgc-I-hw,2020-06-11,-26.0,13.0,-21.0,-35.0,-17.0,18.0
QA,Qatar,,,,,,ChIJf-jc_zTFRT4RMkArgc-I-hw,2020-06-12,-45.0,-5.0,-46.0,-50.0,-17.0,15.0
QA,Qatar,,,,,,ChIJf-jc_zTFRT4RMkArgc-I-hw,2020-06-13,-35.0,5.0,-22.0,-37.0,-13.0,15.0
QA,Qatar,,,,,,ChIJf-jc_zTFRT4RMkArgc-I-hw,2020-06-14,-15.0,19.0,-2.0,-31.0,-16.0,15.0
QA,Qatar,,,,,,ChIJf-jc_zTFRT4RMkArgc-I-hw,2020-06-15,-17.0,16.0,-9.0,-30.0,-14.0,15.0
QA,Qatar,,,,,,ChIJf-jc_zTFRT4RMkArgc-I-hw,2020-06-16,-19.0,13.0,-9.0,-30.0,-14.0,15.0
QA,Qatar,,,,,,ChIJf-jc_zTFRT4RMkArgc-I-hw,2020-06-17,-20.0,13.0,-13.0,-32.0,-15.0,16.0
QA,Qatar,,,,,,ChIJf-jc_zTFRT4RMkArgc-I-hw,2020-06-18,-22.0,13.0,-14.0,-33.0,-16.0,17.0
QA,Qatar,,,,,,ChIJf-jc_zTFRT4RMkArgc-I-hw,2020-06-19,-43.0,-4.0,-36.0,-44.0,-15.0,15.0
QA,Qatar,,,,,,ChIJf-jc_zTFRT4RMkArgc-I-hw,2020-06-20,-33.0,5.0,-12.0,-34.0,-11.0,13.0
QA,Qatar,,,,,,ChIJf-jc_zTFRT4RMkArgc-I-hw,2020-06-21,-12.0,19.0,5.0,-29.0,-14.0,14.0
QA,Qatar,,,,,,ChIJf-jc_zTFRT4RMkArgc-I-hw,2020-06-22,-16.0,16.0,-2.0,-28.0,-15.0,15.0
QA,Qatar,,,,,,ChIJf-jc_zTFRT4RMkArgc-I-hw,2020-06-23,-18.0,12.0,-3.0,-28.0,-16.0,15.0
QA,Qatar,,,,,,ChIJf-jc_zTFRT4RMkArgc-I-hw,2020-06-24,-20.0,11.0,-7.0,-28.0,-14.0,15.0
QA,Qatar,,,,,,ChIJf-jc_zTFRT4RMkArgc-I-hw,2020-06-25,-20.0,15.0,-9.0,-29.0,-14.0,17.0
QA,Qatar,,,,,,ChIJf-jc_zTFRT4RMkArgc-I-hw,2020-06-26,-41.0,-4.0,-29.0,-42.0,-13.0,14.0
QA,Qatar,,,,,,ChIJf-jc_zTFRT4RMkArgc-I-hw,2020-06-27,-32.0,4.0,-7.0,-32.0,-11.0,14.0
QA,Qatar,,,,,,ChIJf-jc_zTFRT4RMkArgc-I-hw,2020-06-28,-8.0,22.0,6.0,-25.0,-11.0,13.0
QA,Qatar,,,,,,ChIJf-jc_zTFRT4RMkArgc-I-hw,2020-06-29,-11.0,21.0,-2.0,-23.0,-12.0,13.0
QA,Qatar,,,,,,ChIJf-jc_zTFRT4RMkArgc-I-hw,2020-06-30,-12.0,20.0,1.0,-23.0,-12.0,13.0
QA,Qatar,,,,,,ChIJf-jc_zTFRT4RMkArgc-I-hw,2020-07-01,-11.0,20.0,2.0,-23.0,-11.0,12.0
QA,Qatar,,,,,,ChIJf-jc_zTFRT4RMkArgc-I-hw,2020-07-02,-13.0,21.0,0.0,-25.0,-12.0,15.0
QA,Qatar,,,,,,ChIJf-jc_zTFRT4RMkArgc-I-hw,2020-07-03,-36.0,4.0,-15.0,-36.0,-11.0,13.0
QA,Qatar,,,,,,ChIJf-jc_zTFRT4RMkArgc-I-hw,2020-07-04,-28.0,9.0,0.0,-28.0,-8.0,13.0
QA,Qatar,,,,,,ChIJf-jc_zTFRT4RMkArgc-I-hw,2020-07-05,-3.0,26.0,12.0,-23.0,-11.0,12.0
QA,Qatar,,,,,,ChIJf-jc_zTFRT4RMkArgc-I-hw,2020-07-06,-8.0,21.0,5.0,-22.0,-11.0,12.0
QA,Qatar,,,,,,ChIJf-jc_zTFRT4RMkArgc-I-hw,2020-07-07,-9.0,20.0,10.0,-22.0,-11.0,12.0
QA,Qatar,,,,,,ChIJf-jc_zTFRT4RMkArgc-I-hw,2020-07-08,-12.0,17.0,0.0,-25.0,-10.0,13.0
QA,Qatar,,,,,,ChIJf-jc_zTFRT4RMkArgc-I-hw,2020-07-09,-14.0,19.0,2.0,-27.0,-11.0,15.0
QA,Qatar,,,,,,ChIJf-jc_zTFRT4RMkArgc-I-hw,2020-07-10,-29.0,5.0,-18.0,-37.0,-4.0,12.0
QA,Qatar,,,,,,ChIJf-jc_zTFRT4RMkArgc-I-hw,2020-07-11,-18.0,13.0,-3.0,-27.0,1.0,10.0
QA,Qatar,,,,,,ChIJf-jc_zTFRT4RMkArgc-I-hw,2020-07-12,-8.0,20.0,14.0,-25.0,-9.0,12.0
QA,Qatar,,,,,,ChIJf-jc_zTFRT4RMkArgc-I-hw,2020-07-13,-10.0,18.0,7.0,-23.0,-9.0,12.0
QA,Qatar,,,,,,ChIJf-jc_zTFRT4RMkArgc-I-hw,2020-07-14,-12.0,14.0,4.0,-24.0,-10.0,12.0
QA,Qatar,,,,,,ChIJf-jc_zTFRT4RMkArgc-I-hw,2020-07-15,-13.0,14.0,0.0,-26.0,-9.0,13.0
QA,Qatar,,,,,,ChIJf-jc_zTFRT4RMkArgc-I-hw,2020-07-16,-14.0,16.0,1.0,-28.0,-9.0,15.0
QA,Qatar,,,,,,ChIJf-jc_zTFRT4RMkArgc-I-hw,2020-07-17,-27.0,5.0,-14.0,-37.0,-2.0,12.0
QA,Qatar,,,,,,ChIJf-jc_zTFRT4RMkArgc-I-hw,2020-07-18,-18.0,9.0,-2.0,-27.0,3.0,10.0
QA,Qatar,,,,,,ChIJf-jc_zTFRT4RMkArgc-I-hw,2020-07-19,-9.0,16.0,10.0,-27.0,-8.0,12.0
QA,Qatar,,,,,,ChIJf-jc_zTFRT4RMkArgc-I-hw,2020-07-20,-11.0,14.0,2.0,-25.0,-8.0,12.0
QA,Qatar,,,,,,ChIJf-jc_zTFRT4RMkArgc-I-hw,2020-07-21,-13.0,11.0,3.0,-26.0,-9.0,12.0
QA,Qatar,,,,,,ChIJf-jc_zTFRT4RMkArgc-I-hw,2020-07-22,-16.0,10.0,-3.0,-28.0,-8.0,13.0
QA,Qatar,,,,,,ChIJf-jc_zTFRT4RMkArgc-I-hw,2020-07-23,-16.0,14.0,1.0,-29.0,-8.0,14.0
QA,Qatar,,,,,,ChIJf-jc_zTFRT4RMkArgc-I-hw,2020-07-24,-28.0,3.0,-15.0,-40.0,1.0,12.0
QA,Qatar,,,,,,ChIJf-jc_zTFRT4RMkArgc-I-hw,2020-07-25,-17.0,9.0,-2.0,-29.0,3.0,10.0
QA,Qatar,,,,,,ChIJf-jc_zTFRT4RMkArgc-I-hw,2020-07-26,-8.0,17.0,13.0,-28.0,-8.0,12.0
QA,Qatar,,,,,,ChIJf-jc_zTFRT4RMkArgc-I-hw,2020-07-27,-7.0,19.0,5.0,-24.0,-8.0,11.0
QA,Qatar,,,,,,ChIJf-jc_zTFRT4RMkArgc-I-hw,2020-07-28,-3.0,23.0,7.0,-22.0,-8.0,10.0
QA,Qatar,,,,,,ChIJf-jc_zTFRT4RMkArgc-I-hw,2020-07-29,3.0,35.0,3.0,-19.0,-8.0,9.0
QA,Qatar,,,,,,ChIJf-jc_zTFRT4RMkArgc-I-hw,2020-07-30,-3.0,42.0,-4.0,-26.0,-24.0,17.0
QA,Qatar,,,,,,ChIJf-jc_zTFRT4RMkArgc-I-hw,2020-07-31,-21.0,4.0,10.0,-21.0,-12.0,9.0
QA,Qatar,,,,,,ChIJf-jc_zTFRT4RMkArgc-I-hw,2020-08-01,-15.0,18.0,34.0,-28.0,-49.0,19.0
QA,Qatar,,,,,,ChIJf-jc_zTFRT4RMkArgc-I-hw,2020-08-02,-5.0,27.0,35.0,-33.0,-56.0,24.0
QA,Qatar,,,,,,ChIJf-jc_zTFRT4RMkArgc-I-hw,2020-08-03,-6.0,21.0,12.0,-31.0,-43.0,21.0
QA,Qatar,,,,,,ChIJf-jc_zTFRT4RMkArgc-I-hw,2020-08-04,-8.0,15.0,11.0,-29.0,-21.0,14.0
QA,Qatar,,,,,,ChIJf-jc_zTFRT4RMkArgc-I-hw,2020-08-05,-9.0,13.0,4.0,-29.0,-14.0,12.0
QA,Qatar,,,,,,ChIJf-jc_zTFRT4RMkArgc-I-hw,2020-08-06,-11.0,15.0,7.0,-30.0,-14.0,14.0
QA,Qatar,,,,,,ChIJf-jc_zTFRT4RMkArgc-I-hw,2020-08-07,-23.0,4.0,-10.0,-39.0,4.0,10.0
QA,Qatar,,,,,,ChIJf-jc_zTFRT4RMkArgc-I-hw,2020-08-08,-14.0,9.0,-1.0,-30.0,5.0,9.0
QA,Qatar,,,,,,ChIJf-jc_zTFRT4RMkArgc-I-hw,2020-08-09,-5.0,15.0,14.0,-28.0,-6.0,10.0
QA,Qatar,,,,,,ChIJf-jc_zTFRT4RMkArgc-I-hw,2020-08-10,-6.0,16.0,10.0,-25.0,-6.0,10.0
QA,Qatar,,,,,,ChIJf-jc_zTFRT4RMkArgc-I-hw,2020-08-11,-8.0,12.0,8.0,-26.0,-7.0,10.0
QA,Qatar,,,,,,ChIJf-jc_zTFRT4RMkArgc-I-hw,2020-08-12,-10.0,11.0,3.0,-29.0,-7.0,10.0
QA,Qatar,,,,,,ChIJf-jc_zTFRT4RMkArgc-I-hw,2020-08-13,-11.0,15.0,8.0,-29.0,-6.0,12.0
QA,Qatar,,,,,,ChIJf-jc_zTFRT4RMkArgc-I-hw,2020-08-14,-22.0,5.0,-7.0,-38.0,4.0,9.0
QA,Qatar,,,,,,ChIJf-jc_zTFRT4RMkArgc-I-hw,2020-08-15,-13.0,8.0,0.0,-30.0,5.0,8.0
QA,Qatar,,,,,,ChIJf-jc_zTFRT4RMkArgc-I-hw,2020-08-16,-6.0,14.0,16.0,-30.0,-6.0,10.0
QA,Qatar,,,,,,ChIJf-jc_zTFRT4RMkArgc-I-hw,2020-08-17,-8.0,12.0,6.0,-27.0,-6.0,10.0
QA,Qatar,,,,,,ChIJf-jc_zTFRT4RMkArgc-I-hw,2020-08-18,-11.0,9.0,5.0,-27.0,-5.0,10.0
QA,Qatar,,,,,,ChIJf-jc_zTFRT4RMkArgc-I-hw,2020-08-19,-13.0,8.0,-4.0,-29.0,-5.0,10.0
QA,Qatar,,,,,,ChIJf-jc_zTFRT4RMkArgc-I-hw,2020-08-20,-13.0,13.0,3.0,-29.0,-5.0,11.0
QA,Qatar,,,,,,ChIJf-jc_zTFRT4RMkArgc-I-hw,2020-08-21,-23.0,6.0,-4.0,-38.0,5.0,9.0
QA,Qatar,,,,,,ChIJf-jc_zTFRT4RMkArgc-I-hw,2020-08-22,-17.0,7.0,-2.0,-31.0,5.0,8.0
QA,Qatar,,,,,,ChIJf-jc_zTFRT4RMkArgc-I-hw,2020-08-23,-10.0,12.0,7.0,-30.0,-4.0,9.0
QA,Qatar,,,,,,ChIJf-jc_zTFRT4RMkArgc-I-hw,2020-08-24,-12.0,11.0,-2.0,-29.0,-5.0,10.0
QA,Qatar,,,,,,ChIJf-jc_zTFRT4RMkArgc-I-hw,2020-08-25,-12.0,11.0,4.0,-27.0,-5.0,9.0
QA,Qatar,,,,,,ChIJf-jc_zTFRT4RMkArgc-I-hw,2020-08-26,-14.0,10.0,-1.0,-29.0,-4.0,9.0
QA,Qatar,,,,,,ChIJf-jc_zTFRT4RMkArgc-I-hw,2020-08-27,-10.0,19.0,4.0,-28.0,-4.0,9.0
QA,Qatar,,,,,,ChIJf-jc_zTFRT4RMkArgc-I-hw,2020-08-28,-21.0,9.0,-14.0,-36.0,4.0,8.0
QA,Qatar,,,,,,ChIJf-jc_zTFRT4RMkArgc-I-hw,2020-08-29,-14.0,12.0,-7.0,-29.0,5.0,7.0
QA,Qatar,,,,,,ChIJf-jc_zTFRT4RMkArgc-I-hw,2020-08-30,-4.0,22.0,11.0,-26.0,-4.0,7.0
QA,Qatar,,,,,,ChIJf-jc_zTFRT4RMkArgc-I-hw,2020-08-31,-5.0,20.0,0.0,-24.0,-5.0,8.0
QA,Qatar,,,,,,ChIJf-jc_zTFRT4RMkArgc-I-hw,2020-09-01,-5.0,19.0,2.0,-19.0,-5.0,7.0
QA,Qatar,,,,,,ChIJf-jc_zTFRT4RMkArgc-I-hw,2020-09-02,-7.0,18.0,-2.0,-20.0,-5.0,6.0
QA,Qatar,,,,,,ChIJf-jc_zTFRT4RMkArgc-I-hw,2020-09-03,-7.0,20.0,2.0,-21.0,-6.0,8.0
QA,Qatar,,,,,,ChIJf-jc_zTFRT4RMkArgc-I-hw,2020-09-04,-13.0,14.0,-9.0,-27.0,2.0,7.0
QA,Qatar,,,,,,ChIJf-jc_zTFRT4RMkArgc-I-hw,2020-09-05,-8.0,17.0,-4.0,-21.0,3.0,5.0
QA,Qatar,,,,,,ChIJf-jc_zTFRT4RMkArgc-I-hw,2020-09-06,-3.0,21.0,11.0,-20.0,-5.0,7.0
QA,Qatar,,,,,,ChIJf-jc_zTFRT4RMkArgc-I-hw,2020-09-07,-5.0,19.0,2.0,-16.0,-6.0,6.0
QA,Qatar,,,,,,ChIJf-jc_zTFRT4RMkArgc-I-hw,2020-09-08,-6.0,17.0,4.0,-17.0,-6.0,5.0
QA,Qatar,,,,,,ChIJf-jc_zTFRT4RMkArgc-I-hw,2020-09-09,-9.0,13.0,-3.0,-18.0,-4.0,5.0
QA,Qatar,,,,,,ChIJf-jc_zTFRT4RMkArgc-I-hw,2020-09-10,-7.0,19.0,3.0,-17.0,-5.0,5.0
QA,Qatar,,,,,,ChIJf-jc_zTFRT4RMkArgc-I-hw,2020-09-11,-12.0,15.0,-6.0,-22.0,3.0,5.0
QA,Qatar,,,,,,ChIJf-jc_zTFRT4RMkArgc-I-hw,2020-09-12,-9.0,16.0,-1.0,-19.0,4.0,5.0
QA,Qatar,,,,,,ChIJf-jc_zTFRT4RMkArgc-I-hw,2020-09-13,-4.0,18.0,10.0,-18.0,-4.0,6.0
QA,Qatar,,,,,,ChIJf-jc_zTFRT4RMkArgc-I-hw,2020-09-14,-7.0,15.0,-1.0,-15.0,-2.0,6.0
QA,Qatar,,,,,,ChIJf-jc_zTFRT4RMkArgc-I-hw,2020-09-15,-8.0,13.0,2.0,-15.0,-3.0,6.0
QA,Qatar,,,,,,ChIJf-jc_zTFRT4RMkArgc-I-hw,2020-09-16,-10.0,12.0,-2.0,-17.0,-3.0,7.0
QA,Qatar,,,,,,ChIJf-jc_zTFRT4RMkArgc-I-hw,2020-09-17,-9.0,15.0,3.0,-17.0,-4.0,8.0
QA,Qatar,,,,,,ChIJf-jc_zTFRT4RMkArgc-I-hw,2020-09-18,-15.0,10.0,-6.0,-23.0,1.0,7.0
QA,Qatar,,,,,,ChIJf-jc_zTFRT4RMkArgc-I-hw,2020-09-19,-11.0,12.0,-2.0,-20.0,3.0,6.0
QA,Qatar,,,,,,ChIJf-jc_zTFRT4RMkArgc-I-hw,2020-09-20,-7.0,15.0,7.0,-20.0,-3.0,7.0
QA,Qatar,,,,,,ChIJf-jc_zTFRT4RMkArgc-I-hw,2020-09-21,-9.0,13.0,-3.0,-15.0,-4.0,7.0
QA,Qatar,,,,,,ChIJf-jc_zTFRT4RMkArgc-I-hw,2020-09-22,-11.0,11.0,-4.0,-13.0,-4.0,7.0
QA,Qatar,,,,,,ChIJf-jc_zTFRT4RMkArgc-I-hw,2020-09-23,-12.0,11.0,-9.0,-13.0,-3.0,7.0
QA,Qatar,,,,,,ChIJf-jc_zTFRT4RMkArgc-I-hw,2020-09-24,-10.0,16.0,-6.0,-12.0,-3.0,8.0
QA,Qatar,,,,,,ChIJf-jc_zTFRT4RMkArgc-I-hw,2020-09-25,-17.0,10.0,-13.0,-22.0,1.0,7.0
QA,Qatar,,,,,,ChIJf-jc_zTFRT4RMkArgc-I-hw,2020-09-26,-13.0,13.0,-8.0,-15.0,5.0,6.0
QA,Qatar,,,,,,ChIJf-jc_zTFRT4RMkArgc-I-hw,2020-09-27,-8.0,18.0,-1.0,-13.0,-2.0,7.0
QA,Qatar,,,,,,ChIJf-jc_zTFRT4RMkArgc-I-hw,2020-09-28,-6.0,20.0,-11.0,-9.0,-2.0,6.0
QA,Qatar,,,,,,ChIJf-jc_zTFRT4RMkArgc-I-hw,2020-09-29,-6.0,19.0,-6.0,-8.0,-3.0,5.0
QA,Qatar,,,,,,ChIJf-jc_zTFRT4RMkArgc-I-hw,2020-09-30,-7.0,21.0,-8.0,-10.0,-3.0,4.0
QA,Qatar,,,,,,ChIJf-jc_zTFRT4RMkArgc-I-hw,2020-10-01,-5.0,26.0,-4.0,-9.0,-3.0,4.0
QA,Qatar,,,,,,ChIJf-jc_zTFRT4RMkArgc-I-hw,2020-10-02,-10.0,22.0,-8.0,-14.0,0.0,4.0
QA,Qatar,,,,,,ChIJf-jc_zTFRT4RMkArgc-I-hw,2020-10-03,-7.0,22.0,-7.0,-11.0,2.0,3.0
QA,Qatar,,,,,,ChIJf-jc_zTFRT4RMkArgc-I-hw,2020-10-04,-3.0,26.0,5.0,-10.0,-4.0,4.0
QA,Qatar,,,,,,ChIJf-jc_zTFRT4RMkArgc-I-hw,2020-10-05,-5.0,22.0,-7.0,-7.0,-5.0,3.0
QA,Qatar,,,,,,ChIJf-jc_zTFRT4RMkArgc-I-hw,2020-10-06,-7.0,20.0,-3.0,-6.0,-5.0,3.0
QA,Qatar,,,,,,ChIJf-jc_zTFRT4RMkArgc-I-hw,2020-10-07,-7.0,19.0,-4.0,-7.0,-3.0,3.0
QA,Qatar,,,,,,ChIJf-jc_zTFRT4RMkArgc-I-hw,2020-10-08,-5.0,23.0,2.0,-7.0,-2.0,4.0
QA,Qatar,,,,,,ChIJf-jc_zTFRT4RMkArgc-I-hw,2020-10-09,-10.0,19.0,2.0,-14.0,1.0,4.0
QA,Qatar,,,,,,ChIJf-jc_zTFRT4RMkArgc-I-hw,2020-10-10,-9.0,17.0,-2.0,-11.0,4.0,4.0
QA,Qatar,,,,,,ChIJf-jc_zTFRT4RMkArgc-I-hw,2020-10-11,-4.0,21.0,5.0,-7.0,-2.0,5.0
QA,Qatar,,,,,,ChIJf-jc_zTFRT4RMkArgc-I-hw,2020-10-12,-7.0,18.0,-3.0,-4.0,-3.0,5.0
QA,Qatar,,,,,,ChIJf-jc_zTFRT4RMkArgc-I-hw,2020-10-13,-8.0,17.0,2.0,-5.0,-3.0,5.0
QA,Qatar,,,,,,ChIJf-jc_zTFRT4RMkArgc-I-hw,2020-10-14,-10.0,15.0,-6.0,-8.0,-2.0,5.0
QA,Qatar,,,,,,ChIJf-jc_zTFRT4RMkArgc-I-hw,2020-10-15,-8.0,20.0,-1.0,-8.0,-2.0,6.0
QA,Qatar,,,,,,ChIJf-jc_zTFRT4RMkArgc-I-hw,2020-10-16,-14.0,17.0,1.0,-18.0,1.0,5.0
QA,Qatar,,,,,,ChIJf-jc_zTFRT4RMkArgc-I-hw,2020-10-17,-13.0,15.0,-6.0,-12.0,3.0,5.0
QA,Qatar,,,,,,ChIJf-jc_zTFRT4RMkArgc-I-hw,2020-10-18,-7.0,20.0,0.0,-12.0,-2.0,6.0
QA,Qatar,,,,,,ChIJf-jc_zTFRT4RMkArgc-I-hw,2020-10-19,-10.0,16.0,-8.0,-9.0,-3.0,5.0
QA,Qatar,,,,,,ChIJf-jc_zTFRT4RMkArgc-I-hw,2020-10-20,-10.0,14.0,-1.0,-9.0,-3.0,5.0
QA,Qatar,,,,,,ChIJf-jc_zTFRT4RMkArgc-I-hw,2020-10-21,-11.0,14.0,-1.0,-10.0,-2.0,5.0
QA,Qatar,,,,,,ChIJf-jc_zTFRT4RMkArgc-I-hw,2020-10-22,-8.0,21.0,12.0,-10.0,-3.0,5.0
QA,Qatar,,,,,,ChIJf-jc_zTFRT4RMkArgc-I-hw,2020-10-23,-14.0,15.0,12.0,-18.0,1.0,4.0
QA,Qatar,,,,,,ChIJf-jc_zTFRT4RMkArgc-I-hw,2020-10-24,-12.0,15.0,5.0,-13.0,4.0,4.0
QA,Qatar,,,,,,ChIJf-jc_zTFRT4RMkArgc-I-hw,2020-10-25,-5.0,21.0,14.0,-12.0,-3.0,5.0
QA,Qatar,,,,,,ChIJf-jc_zTFRT4RMkArgc-I-hw,2020-10-26,-8.0,18.0,5.0,-9.0,-3.0,4.0
QA,Qatar,,,,,,ChIJf-jc_zTFRT4RMkArgc-I-hw,2020-10-27,-7.0,18.0,8.0,-8.0,-3.0,3.0
QA,Qatar,,,,,,ChIJf-jc_zTFRT4RMkArgc-I-hw,2020-10-28,-5.0,21.0,2.0,-7.0,-3.0,3.0
QA,Qatar,,,,,,ChIJf-jc_zTFRT4RMkArgc-I-hw,2020-10-29,-4.0,25.0,6.0,-7.0,-4.0,3.0
QA,Qatar,,,,,,ChIJf-jc_zTFRT4RMkArgc-I-hw,2020-10-30,-9.0,21.0,7.0,-13.0,1.0,1.0
QA,Qatar,,,,,,ChIJf-jc_zTFRT4RMkArgc-I-hw,2020-10-31,-7.0,22.0,0.0,-11.0,3.0,2.0
QA,Qatar,,,,,,ChIJf-jc_zTFRT4RMkArgc-I-hw,2020-11-01,-2.0,26.0,7.0,-9.0,-2.0,3.0
QA,Qatar,,,,,,ChIJf-jc_zTFRT4RMkArgc-I-hw,2020-11-02,-4.0,24.0,-1.0,-4.0,-3.0,2.0
QA,Qatar,,,,,,ChIJf-jc_zTFRT4RMkArgc-I-hw,2020-11-03,-4.0,22.0,6.0,-5.0,-3.0,3.0
QA,Qatar,,,,,,ChIJf-jc_zTFRT4RMkArgc-I-hw,2020-11-04,-7.0,20.0,-3.0,-9.0,-2.0,3.0
QA,Qatar,,,,,,ChIJf-jc_zTFRT4RMkArgc-I-hw,2020-11-05,-6.0,22.0,3.0,-9.0,-3.0,4.0
QA,Qatar,,,,,,ChIJf-jc_zTFRT4RMkArgc-I-hw,2020-11-06,-10.0,20.0,7.0,-16.0,-1.0,3.0
QA,Qatar,,,,,,ChIJf-jc_zTFRT4RMkArgc-I-hw,2020-11-07,-9.0,18.0,-2.0,-13.0,3.0,3.0
QA,Qatar,,,,,,ChIJf-jc_zTFRT4RMkArgc-I-hw,2020-11-08,-4.0,22.0,5.0,-11.0,-2.0,4.0
QA,Qatar,,,,,,ChIJf-jc_zTFRT4RMkArgc-I-hw,2020-11-09,-6.0,20.0,-3.0,-8.0,-3.0,4.0
QA,Qatar,,,,,,ChIJf-jc_zTFRT4RMkArgc-I-hw,2020-11-10,-7.0,18.0,0.0,-8.0,-3.0,4.0
QA,Qatar,,,,,,ChIJf-jc_zTFRT4RMkArgc-I-hw,2020-11-11,-7.0,19.0,-3.0,-9.0,-2.0,4.0
QA,Qatar,,,,,,ChIJf-jc_zTFRT4RMkArgc-I-hw,2020-11-12,-5.0,23.0,7.0,-8.0,-3.0,4.0
QA,Qatar,,,,,,ChIJf-jc_zTFRT4RMkArgc-I-hw,2020-11-13,-10.0,21.0,7.0,-16.0,0.0,3.0
QA,Qatar,,,,,,ChIJf-jc_zTFRT4RMkArgc-I-hw,2020-11-14,-8.0,20.0,1.0,-12.0,1.0,4.0
QA,Qatar,,,,,,ChIJf-jc_zTFRT4RMkArgc-I-hw,2020-11-15,-3.0,22.0,7.0,-10.0,-2.0,4.0
QA,Qatar,,,,,,ChIJf-jc_zTFRT4RMkArgc-I-hw,2020-11-16,-6.0,18.0,1.0,-7.0,-3.0,4.0
QA,Qatar,,,,,,ChIJf-jc_zTFRT4RMkArgc-I-hw,2020-11-17,-7.0,16.0,2.0,-7.0,-3.0,4.0
QA,Qatar,,,,,,ChIJf-jc_zTFRT4RMkArgc-I-hw,2020-11-18,-8.0,15.0,-2.0,-8.0,-2.0,4.0
QA,Qatar,,,,,,ChIJf-jc_zTFRT4RMkArgc-I-hw,2020-11-19,-5.0,20.0,7.0,-7.0,-2.0,4.0
QA,Qatar,,,,,,ChIJf-jc_zTFRT4RMkArgc-I-hw,2020-11-20,-10.0,16.0,10.0,-17.0,0.0,4.0
QA,Qatar,,,,,,ChIJf-jc_zTFRT4RMkArgc-I-hw,2020-11-21,-8.0,15.0,3.0,-12.0,4.0,3.0
QA,Qatar,,,,,,ChIJf-jc_zTFRT4RMkArgc-I-hw,2020-11-22,-3.0,19.0,6.0,-9.0,-1.0,4.0
QA,Qatar,,,,,,ChIJf-jc_zTFRT4RMkArgc-I-hw,2020-11-23,-7.0,15.0,-5.0,-7.0,-2.0,4.0
QA,Qatar,,,,,,ChIJf-jc_zTFRT4RMkArgc-I-hw,2020-11-24,-6.0,15.0,-3.0,-7.0,-3.0,4.0
QA,Qatar,,,,,,ChIJf-jc_zTFRT4RMkArgc-I-hw,2020-11-25,-6.0,15.0,-4.0,-5.0,-2.0,4.0
QA,Qatar,,,,,,ChIJf-jc_zTFRT4RMkArgc-I-hw,2020-11-26,0.0,23.0,5.0,0.0,-2.0,3.0
QA,Qatar,,,,,,ChIJf-jc_zTFRT4RMkArgc-I-hw,2020-11-27,-1.0,21.0,5.0,-7.0,1.0,2.0
QA,Qatar,,,,,,ChIJf-jc_zTFRT4RMkArgc-I-hw,2020-11-28,-2.0,19.0,3.0,-5.0,4.0,2.0
QA,Qatar,,,,,,ChIJf-jc_zTFRT4RMkArgc-I-hw,2020-11-29,2.0,24.0,8.0,-3.0,-1.0,3.0
QA,Qatar,,,,,,ChIJf-jc_zTFRT4RMkArgc-I-hw,2020-11-30,2.0,24.0,-3.0,2.0,-1.0,3.0
QA,Qatar,,,,,,ChIJf-jc_zTFRT4RMkArgc-I-hw,2020-12-01,-1.0,22.0,0.0,0.0,-4.0,3.0
QA,Qatar,,,,,,ChIJf-jc_zTFRT4RMkArgc-I-hw,2020-12-02,-2.0,22.0,-2.0,-3.0,-2.0,3.0
QA,Qatar,,,,,,ChIJf-jc_zTFRT4RMkArgc-I-hw,2020-12-03,1.0,25.0,6.0,0.0,-2.0,3.0
QA,Qatar,,,,,,ChIJf-jc_zTFRT4RMkArgc-I-hw,2020-12-04,-3.0,21.0,7.0,-7.0,1.0,2.0
QA,Qatar,,,,,,ChIJf-jc_zTFRT4RMkArgc-I-hw,2020-12-05,-3.0,20.0,0.0,-5.0,5.0,2.0
QA,Qatar,,,,,,ChIJf-jc_zTFRT4RMkArgc-I-hw,2020-12-06,1.0,23.0,2.0,-3.0,-2.0,3.0
QA,Qatar,,,,,,ChIJf-jc_zTFRT4RMkArgc-I-hw,2020-12-07,-1.0,22.0,-5.0,0.0,-3.0,2.0
QA,Qatar,,,,,,ChIJf-jc_zTFRT4RMkArgc-I-hw,2020-12-08,-2.0,19.0,-6.0,0.0,-2.0,2.0
QA,Qatar,,,,,,ChIJf-jc_zTFRT4RMkArgc-I-hw,2020-12-09,-4.0,17.0,-6.0,0.0,-2.0,2.0
QA,Qatar,,,,,,ChIJf-jc_zTFRT4RMkArgc-I-hw,2020-12-10,-2.0,21.0,3.0,4.0,-3.0,3.0
QA,Qatar,,,,,,ChIJf-jc_zTFRT4RMkArgc-I-hw,2020-12-11,-5.0,20.0,9.0,-3.0,1.0,1.0
QA,Qatar,,,,,,ChIJf-jc_zTFRT4RMkArgc-I-hw,2020-12-12,-6.0,18.0,2.0,1.0,5.0,2.0
QA,Qatar,,,,,,ChIJf-jc_zTFRT4RMkArgc-I-hw,2020-12-13,-1.0,22.0,8.0,5.0,-3.0,3.0
QA,Qatar,,,,,,ChIJf-jc_zTFRT4RMkArgc-I-hw,2020-12-14,-2.0,19.0,-2.0,5.0,-4.0,2.0
QA,Qatar,,,,,,ChIJf-jc_zTFRT4RMkArgc-I-hw,2020-12-15,-2.0,19.0,5.0,6.0,-5.0,1.0
QA,Qatar,,,,,,ChIJf-jc_zTFRT4RMkArgc-I-hw,2020-12-16,3.0,25.0,9.0,10.0,-3.0,0.0
QA,Qatar,,,,,,ChIJf-jc_zTFRT4RMkArgc-I-hw,2020-12-17,-1.0,29.0,33.0,1.0,-54.0,18.0
QA,Qatar,,,,,,ChIJf-jc_zTFRT4RMkArgc-I-hw,2020-12-18,-8.0,10.0,49.0,14.0,-11.0,2.0
QA,Qatar,,,,,,ChIJf-jc_zTFRT4RMkArgc-I-hw,2020-12-19,-8.0,15.0,5.0,1.0,0.0,2.0
QA,Qatar,,,,,,ChIJf-jc_zTFRT4RMkArgc-I-hw,2020-12-20,0.0,21.0,11.0,5.0,-9.0,4.0
QA,Qatar,,,,,,ChIJf-jc_zTFRT4RMkArgc-I-hw,2020-12-21,-3.0,18.0,1.0,5.0,-10.0,3.0
QA,Qatar,,,,,,ChIJf-jc_zTFRT4RMkArgc-I-hw,2020-12-22,-4.0,16.0,3.0,4.0,-10.0,2.0
QA,Qatar,,,,,,ChIJf-jc_zTFRT4RMkArgc-I-hw,2020-12-23,-4.0,19.0,0.0,4.0,-9.0,2.0
QA,Qatar,,,,,,ChIJf-jc_zTFRT4RMkArgc-I-hw,2020-12-24,-4.0,23.0,1.0,3.0,-11.0,5.0
QA,Qatar,,,,,,ChIJf-jc_zTFRT4RMkArgc-I-hw,2020-12-25,-11.0,12.0,-12.0,-9.0,-2.0,3.0
QA,Qatar,,,,,,ChIJf-jc_zTFRT4RMkArgc-I-hw,2020-12-26,-10.0,11.0,-13.0,-4.0,0.0,3.0
QA,Qatar,,,,,,ChIJf-jc_zTFRT4RMkArgc-I-hw,2020-12-27,-2.0,19.0,1.0,3.0,-10.0,4.0
QA,Qatar,,,,,,ChIJf-jc_zTFRT4RMkArgc-I-hw,2020-12-28,0.0,21.0,-7.0,6.0,-10.0,4.0
QA,Qatar,,,,,,ChIJf-jc_zTFRT4RMkArgc-I-hw,2020-12-29,-1.0,20.0,-5.0,6.0,-11.0,3.0
QA,Qatar,,,,,,ChIJf-jc_zTFRT4RMkArgc-I-hw,2020-12-30,0.0,23.0,-7.0,4.0,-10.0,3.0
QA,Qatar,,,,,,ChIJf-jc_zTFRT4RMkArgc-I-hw,2020-12-31,1.0,29.0,2.0,6.0,-12.0,4.0
QA,Qatar,,,,,,ChIJf-jc_zTFRT4RMkArgc-I-hw,2021-01-01,-8.0,16.0,9.0,-3.0,-2.0,2.0
QA,Qatar,,,,,,ChIJf-jc_zTFRT4RMkArgc-I-hw,2021-01-02,-6.0,19.0,1.0,1.0,1.0,2.0
QA,Qatar,,,,,,ChIJf-jc_zTFRT4RMkArgc-I-hw,2021-01-03,-2.0,23.0,4.0,3.0,-4.0,3.0
QA,Qatar,,,,,,ChIJf-jc_zTFRT4RMkArgc-I-hw,2021-01-04,-4.0,20.0,-6.0,6.0,-4.0,2.0
QA,Qatar,,,,,,ChIJf-jc_zTFRT4RMkArgc-I-hw,2021-01-05,-6.0,17.0,-1.0,5.0,-5.0,1.0
QA,Qatar,,,,,,ChIJf-jc_zTFRT4RMkArgc-I-hw,2021-01-06,-6.0,16.0,-6.0,3.0,-4.0,2.0
QA,Qatar,,,,,,ChIJf-jc_zTFRT4RMkArgc-I-hw,2021-01-07,-4.0,20.0,1.0,4.0,-4.0,2.0
QA,Qatar,,,,,,ChIJf-jc_zTFRT4RMkArgc-I-hw,2021-01-08,-7.0,18.0,3.0,-4.0,-1.0,1.0
QA,Qatar,,,,,,ChIJf-jc_zTFRT4RMkArgc-I-hw,2021-01-09,-7.0,16.0,-3.0,0.0,2.0,0.0
QA,Qatar,,,,,,ChIJf-jc_zTFRT4RMkArgc-I-hw,2021-01-10,-2.0,18.0,0.0,0.0,-4.0,1.0
QA,Qatar,,,,,,ChIJf-jc_zTFRT4RMkArgc-I-hw,2021-01-11,-5.0,16.0,-12.0,3.0,-4.0,1.0
QA,Qatar,,,,,,ChIJf-jc_zTFRT4RMkArgc-I-hw,2021-01-12,-7.0,13.0,-8.0,2.0,-6.0,1.0
QA,Qatar,,,,,,ChIJf-jc_zTFRT4RMkArgc-I-hw,2021-01-13,-8.0,10.0,-14.0,-4.0,-6.0,0.0
QA,Qatar,,,,,,ChIJf-jc_zTFRT4RMkArgc-I-hw,2021-01-14,-7.0,11.0,-10.0,-4.0,-9.0,0.0
QA,Qatar,,,,,,ChIJf-jc_zTFRT4RMkArgc-I-hw,2021-01-15,-10.0,8.0,-2.0,-13.0,-9.0,-1.0
QA,Qatar,,,,,,ChIJf-jc_zTFRT4RMkArgc-I-hw,2021-01-16,-11.0,8.0,-10.0,-8.0,-6.0,0.0
QA,Qatar,,,,,,ChIJf-jc_zTFRT4RMkArgc-I-hw,2021-01-17,-7.0,11.0,-6.0,-6.0,-9.0,1.0
QA,Qatar,,,,,,ChIJf-jc_zTFRT4RMkArgc-I-hw,2021-01-18,-9.0,9.0,-14.0,-3.0,-8.0,1.0
QA,Qatar,,,,,,ChIJf-jc_zTFRT4RMkArgc-I-hw,2021-01-19,-10.0,7.0,-11.0,-4.0,-9.0,1.0
QA,Qatar,,,,,,ChIJf-jc_zTFRT4RMkArgc-I-hw,2021-01-20,-11.0,6.0,-15.0,-7.0,-7.0,1.0
QA,Qatar,,,,,,ChIJf-jc_zTFRT4RMkArgc-I-hw,2021-01-21,-12.0,7.0,-24.0,-7.0,-7.0,3.0
QA,Qatar,,,,,,ChIJf-jc_zTFRT4RMkArgc-I-hw,2021-01-22,-15.0,4.0,-29.0,-21.0,-6.0,4.0
QA,Qatar,,,,,,ChIJf-jc_zTFRT4RMkArgc-I-hw,2021-01-23,-12.0,7.0,-15.0,-11.0,-2.0,2.0
QA,Qatar,,,,,,ChIJf-jc_zTFRT4RMkArgc-I-hw,2021-01-24,-8.0,10.0,-9.0,-9.0,-6.0,2.0
QA,Qatar,,,,,,ChIJf-jc_zTFRT4RMkArgc-I-hw,2021-01-25,-10.0,8.0,-16.0,-5.0,-6.0,2.0
QA,Qatar,,,,,,ChIJf-jc_zTFRT4RMkArgc-I-hw,2021-01-26,-11.0,6.0,-12.0,-5.0,-7.0,1.0
QA,Qatar,,,,,,ChIJf-jc_zTFRT4RMkArgc-I-hw,2021-01-27,-10.0,7.0,-16.0,-7.0,-6.0,1.0
QA,Qatar,,,,,,ChIJf-jc_zTFRT4RMkArgc-I-hw,2021-01-28,-5.0,14.0,-11.0,-3.0,-6.0,1.0
QA,Qatar,,,,,,ChIJf-jc_zTFRT4RMkArgc-I-hw,2021-01-29,-7.0,13.0,-3.0,-14.0,-4.0,0.0
QA,Qatar,,,,,,ChIJf-jc_zTFRT4RMkArgc-I-hw,2021-01-30,-5.0,16.0,-6.0,-5.0,-1.0,-2.0
QA,Qatar,,,,,,ChIJf-jc_zTFRT4RMkArgc-I-hw,2021-01-31,-1.0,21.0,-3.0,-4.0,-5.0,-1.0
QA,Qatar,,,,,,ChIJf-jc_zTFRT4RMkArgc-I-hw,2021-02-01,-2.0,19.0,-11.0,-1.0,-7.0,-1.0
QA,Qatar,,,,,,ChIJf-jc_zTFRT4RMkArgc-I-hw,2021-02-02,-2.0,18.0,-8.0,0.0,-7.0,-2.0
QA,Qatar,,,,,,ChIJf-jc_zTFRT4RMkArgc-I-hw,2021-02-03,-6.0,14.0,-12.0,-6.0,-6.0,-1.0
QA,Qatar,,,,,,ChIJf-jc_zTFRT4RMkArgc-I-hw,2021-02-04,-7.0,15.0,-13.0,-8.0,-7.0,1.0
QA,Qatar,,,,,,ChIJf-jc_zTFRT4RMkArgc-I-hw,2021-02-05,-11.0,13.0,-14.0,-20.0,-5.0,2.0
QA,Qatar,,,,,,ChIJf-jc_zTFRT4RMkArgc-I-hw,2021-02-06,-9.0,13.0,-11.0,-11.0,-2.0,0.0
QA,Qatar,,,,,,ChIJf-jc_zTFRT4RMkArgc-I-hw,2021-02-07,-5.0,15.0,-6.0,-10.0,-7.0,1.0
QA,Qatar,,,,,,ChIJf-jc_zTFRT4RMkArgc-I-hw,2021-02-08,1.0,20.0,-9.0,-1.0,-9.0,-1.0
QA,Qatar,,,,,,ChIJf-jc_zTFRT4RMkArgc-I-hw,2021-02-09,-3.0,24.0,16.0,-19.0,-61.0,19.0
QA,Qatar,,,,,,ChIJf-jc_zTFRT4RMkArgc-I-hw,2021-02-10,-10.0,10.0,-16.0,-10.0,-8.0,2.0
QA,Qatar,,,,,,ChIJf-jc_zTFRT4RMkArgc-I-hw,2021-02-11,-10.0,11.0,-12.0,-11.0,-9.0,2.0
QA,Qatar,,,,,,ChIJf-jc_zTFRT4RMkArgc-I-hw,2021-02-12,-14.0,10.0,-14.0,-24.0,-5.0,2.0
QA,Qatar,,,,,,ChIJf-jc_zTFRT4RMkArgc-I-hw,2021-02-13,-10.0,13.0,-11.0,-15.0,-4.0,-1.0
QA,Qatar,,,,,,ChIJf-jc_zTFRT4RMkArgc-I-hw,2021-02-14,-3.0,18.0,-4.0,-11.0,-7.0,-1.0
QA,Qatar,,,,,,ChIJf-jc_zTFRT4RMkArgc-I-hw,2021-02-15,-8.0,12.0,-15.0,-9.0,-9.0,-1.0
QA,Qatar,,,,,,ChIJf-jc_zTFRT4RMkArgc-I-hw,2021-02-16,-9.0,11.0,-11.0,-9.0,-9.0,-1.0
QA,Qatar,,,,,,ChIJf-jc_zTFRT4RMkArgc-I-hw,2021-02-17,-10.0,10.0,-15.0,-10.0,-8.0,-1.0
QA,Qatar,,,,,,ChIJf-jc_zTFRT4RMkArgc-I-hw,2021-02-18,-9.0,14.0,-11.0,-9.0,-8.0,0.0
QA,Qatar,,,,,,ChIJf-jc_zTFRT4RMkArgc-I-hw,2021-02-19,-15.0,9.0,-24.0,-22.0,-6.0,1.0
QA,Qatar,,,,,,ChIJf-jc_zTFRT4RMkArgc-I-hw,2021-02-20,-12.0,10.0,-14.0,-14.0,-3.0,-1.0
QA,Qatar,,,,,,ChIJf-jc_zTFRT4RMkArgc-I-hw,2021-02-21,-7.0,16.0,-6.0,-10.0,-7.0,-1.0
QA,Qatar,,,,,,ChIJf-jc_zTFRT4RMkArgc-I-hw,2021-02-22,-9.0,11.0,-16.0,-8.0,-8.0,-1.0
QA,Qatar,,,,,,ChIJf-jc_zTFRT4RMkArgc-I-hw,2021-02-23,-10.0,10.0,-13.0,-9.0,-9.0,-1.0
QA,Qatar,,,,,,ChIJf-jc_zTFRT4RMkArgc-I-hw,2021-02-24,-11.0,9.0,-15.0,-11.0,-7.0,-1.0
QA,Qatar,,,,,,ChIJf-jc_zTFRT4RMkArgc-I-hw,2021-02-25,-8.0,13.0,-16.0,-9.0,-8.0,0.0
QA,Qatar,,,,,,ChIJf-jc_zTFRT4RMkArgc-I-hw,2021-02-26,-12.0,12.0,-20.0,-20.0,-6.0,1.0
QA,Qatar,,,,,,ChIJf-jc_zTFRT4RMkArgc-I-hw,2021-02-27,-9.0,13.0,-15.0,-11.0,-3.0,-1.0
QA,Qatar,,,,,,ChIJf-jc_zTFRT4RMkArgc-I-hw,2021-02-28,-2.0,22.0,-7.0,-6.0,-7.0,-2.0
QA,Qatar,,,,,,ChIJf-jc_zTFRT4RMkArgc-I-hw,2021-03-01,-3.0,19.0,-15.0,-3.0,-8.0,-2.0
QA,Qatar,,,,,,ChIJf-jc_zTFRT4RMkArgc-I-hw,2021-03-02,-4.0,18.0,-12.0,-3.0,-9.0,-2.0
QA,Qatar,,,,,,ChIJf-jc_zTFRT4RMkArgc-I-hw,2021-03-03,-5.0,18.0,-14.0,-6.0,-8.0,-2.0
QA,Qatar,,,,,,ChIJf-jc_zTFRT4RMkArgc-I-hw,2021-03-04,-4.0,21.0,-8.0,-5.0,-8.0,-1.0
QA,Qatar,,,,,,ChIJf-jc_zTFRT4RMkArgc-I-hw,2021-03-05,-9.0,17.0,-23.0,-18.0,-6.0,1.0
QA,Qatar,,,,,,ChIJf-jc_zTFRT4RMkArgc-I-hw,2021-03-06,-7.0,18.0,-16.0,-9.0,-4.0,-1.0
QA,Qatar,,,,,,ChIJf-jc_zTFRT4RMkArgc-I-hw,2021-03-07,-3.0,22.0,-4.0,-7.0,-9.0,-1.0
QA,Qatar,,,,,,ChIJf-jc_zTFRT4RMkArgc-I-hw,2021-03-08,-4.0,18.0,-13.0,-5.0,-9.0,-1.0
QA,Qatar,,,,,,ChIJf-jc_zTFRT4RMkArgc-I-hw,2021-03-09,-5.0,17.0,-10.0,-5.0,-10.0,-1.0
QA,Qatar,,,,,,ChIJf-jc_zTFRT4RMkArgc-I-hw,2021-03-10,-6.0,15.0,-14.0,-8.0,-8.0,-1.0
QA,Qatar,,,,,,ChIJf-jc_zTFRT4RMkArgc-I-hw,2021-03-11,-5.0,18.0,-7.0,-7.0,-9.0,0.0
QA,Qatar,,,,,,ChIJf-jc_zTFRT4RMkArgc-I-hw,2021-03-12,-11.0,14.0,-18.0,-20.0,-6.0,1.0
QA,Qatar,,,,,,ChIJf-jc_zTFRT4RMkArgc-I-hw,2021-03-13,-10.0,13.0,-22.0,-13.0,-5.0,0.0
QA,Qatar,,,,,,ChIJf-jc_zTFRT4RMkArgc-I-hw,2021-03-14,-3.0,20.0,0.0,-8.0,-11.0,-1.0
QA,Qatar,,,,,,ChIJf-jc_zTFRT4RMkArgc-I-hw,2021-03-15,-5.0,16.0,-8.0,-5.0,-12.0,0.0
QA,Qatar,,,,,,ChIJf-jc_zTFRT4RMkArgc-I-hw,2021-03-16,-6.0,14.0,-5.0,-6.0,-12.0,0.0
QA,Qatar,,,,,,ChIJf-jc_zTFRT4RMkArgc-I-hw,2021-03-17,-8.0,13.0,-9.0,-9.0,-11.0,0.0
QA,Qatar,,,,,,ChIJf-jc_zTFRT4RMkArgc-I-hw,2021-03-18,-7.0,15.0,-7.0,-9.0,-11.0,1.0
QA,Qatar,,,,,,ChIJf-jc_zTFRT4RMkArgc-I-hw,2021-03-19,-12.0,13.0,-9.0,-22.0,-6.0,1.0
QA,Qatar,,,,,,ChIJf-jc_zTFRT4RMkArgc-I-hw,2021-03-20,-10.0,14.0,-12.0,-12.0,-4.0,0.0
QA,Qatar,,,,,,ChIJf-jc_zTFRT4RMkArgc-I-hw,2021-03-21,-4.0,19.0,-3.0,-9.0,-8.0,0.0
QA,Qatar,,,,,,ChIJf-jc_zTFRT4RMkArgc-I-hw,2021-03-22,-7.0,14.0,-13.0,-7.0,-9.0,0.0
QA,Qatar,,,,,,ChIJf-jc_zTFRT4RMkArgc-I-hw,2021-03-23,-8.0,12.0,-11.0,-9.0,-10.0,0.0
QA,Qatar,,,,,,ChIJf-jc_zTFRT4RMkArgc-I-hw,2021-03-24,-9.0,12.0,-14.0,-11.0,-9.0,0.0
QA,Qatar,,,,,,ChIJf-jc_zTFRT4RMkArgc-I-hw,2021-03-25,-7.0,15.0,-11.0,-10.0,-10.0,1.0
QA,Qatar,,,,,,ChIJf-jc_zTFRT4RMkArgc-I-hw,2021-03-26,-17.0,9.0,-24.0,-26.0,-7.0,3.0
QA,Qatar,,,Doha Metropolitan Area,,,ChIJZdMPFvvaRT4Rum09e_8wmPA,2020-02-15,-3.0,2.0,9.0,-4.0,4.0,1.0
QA,Qatar,,,Doha Metropolitan Area,,,ChIJZdMPFvvaRT4Rum09e_8wmPA,2020-02-16,-1.0,3.0,11.0,0.0,3.0,1.0
QA,Qatar,,,Doha Metropolitan Area,,,ChIJZdMPFvvaRT4Rum09e_8wmPA,2020-02-17,-3.0,0.0,9.0,-3.0,3.0,1.0
QA,Qatar,,,Doha Metropolitan Area,,,ChIJZdMPFvvaRT4Rum09e_8wmPA,2020-02-18,-3.0,0.0,12.0,-3.0,3.0,1.0
QA,Qatar,,,Doha Metropolitan Area,,,ChIJZdMPFvvaRT4Rum09e_8wmPA,2020-02-19,-4.0,-1.0,8.0,-5.0,4.0,1.0
QA,Qatar,,,Doha Metropolitan Area,,,ChIJZdMPFvvaRT4Rum09e_8wmPA,2020-02-20,-2.0,0.0,9.0,-4.0,3.0,1.0
QA,Qatar,,,Doha Metropolitan Area,,,ChIJZdMPFvvaRT4Rum09e_8wmPA,2020-02-21,-3.0,0.0,10.0,-7.0,1.0,1.0
QA,Qatar,,,Doha Metropolitan Area,,,ChIJZdMPFvvaRT4Rum09e_8wmPA,2020-02-22,-2.0,0.0,11.0,-6.0,5.0,1.0
QA,Qatar,,,Doha Metropolitan Area,,,ChIJZdMPFvvaRT4Rum09e_8wmPA,2020-02-23,-2.0,1.0,15.0,-3.0,5.0,1.0
QA,Qatar,,,Doha Metropolitan Area,,,ChIJZdMPFvvaRT4Rum09e_8wmPA,2020-02-24,-3.0,-1.0,10.0,-4.0,5.0,1.0
QA,Qatar,,,Doha Metropolitan Area,,,ChIJZdMPFvvaRT4Rum09e_8wmPA,2020-02-25,-3.0,0.0,13.0,-4.0,4.0,1.0
QA,Qatar,,,Doha Metropolitan Area,,,ChIJZdMPFvvaRT4Rum09e_8wmPA,2020-02-26,-4.0,0.0,-3.0,-6.0,4.0,1.0
QA,Qatar,,,Doha Metropolitan Area,,,ChIJZdMPFvvaRT4Rum09e_8wmPA,2020-02-27,2.0,8.0,4.0,-3.0,3.0,1.0
QA,Qatar,,,Doha Metropolitan Area,,,ChIJZdMPFvvaRT4Rum09e_8wmPA,2020-02-28,0.0,8.0,4.0,-8.0,3.0,1.0
QA,Qatar,,,Doha Metropolitan Area,,,ChIJZdMPFvvaRT4Rum09e_8wmPA,2020-02-29,2.0,9.0,5.0,-5.0,6.0,0.0
QA,Qatar,,,Doha Metropolitan Area,,,ChIJZdMPFvvaRT4Rum09e_8wmPA,2020-03-01,3.0,12.0,9.0,-3.0,3.0,1.0
QA,Qatar,,,Doha Metropolitan Area,,,ChIJZdMPFvvaRT4Rum09e_8wmPA,2020-03-02,1.0,9.0,0.0,-4.0,5.0,1.0
QA,Qatar,,,Doha Metropolitan Area,,,ChIJZdMPFvvaRT4Rum09e_8wmPA,2020-03-03,0.0,10.0,4.0,-5.0,5.0,1.0
QA,Qatar,,,Doha Metropolitan Area,,,ChIJZdMPFvvaRT4Rum09e_8wmPA,2020-03-04,-2.0,9.0,-5.0,-6.0,5.0,2.0
QA,Qatar,,,Doha Metropolitan Area,,,ChIJZdMPFvvaRT4Rum09e_8wmPA,2020-03-05,0.0,8.0,6.0,-6.0,5.0,2.0
QA,Qatar,,,Doha Metropolitan Area,,,ChIJZdMPFvvaRT4Rum09e_8wmPA,2020-03-06,-2.0,7.0,2.0,-10.0,3.0,2.0
QA,Qatar,,,Doha Metropolitan Area,,,ChIJZdMPFvvaRT4Rum09e_8wmPA,2020-03-07,-2.0,6.0,4.0,-8.0,6.0,1.0
QA,Qatar,,,Doha Metropolitan Area,,,ChIJZdMPFvvaRT4Rum09e_8wmPA,2020-03-08,0.0,8.0,3.0,-6.0,6.0,1.0
QA,Qatar,,,Doha Metropolitan Area,,,ChIJZdMPFvvaRT4Rum09e_8wmPA,2020-03-09,-5.0,16.0,-5.0,-11.0,6.0,2.0
QA,Qatar,,,Doha Metropolitan Area,,,ChIJZdMPFvvaRT4Rum09e_8wmPA,2020-03-10,-9.0,6.0,0.0,-13.0,2.0,4.0
QA,Qatar,,,Doha Metropolitan Area,,,ChIJZdMPFvvaRT4Rum09e_8wmPA,2020-03-11,-13.0,0.0,-7.0,-18.0,2.0,5.0
QA,Qatar,,,Doha Metropolitan Area,,,ChIJZdMPFvvaRT4Rum09e_8wmPA,2020-03-12,-21.0,-3.0,-18.0,-24.0,-1.0,8.0
QA,Qatar,,,Doha Metropolitan Area,,,ChIJZdMPFvvaRT4Rum09e_8wmPA,2020-03-13,-38.0,-20.0,-35.0,-42.0,-6.0,10.0
QA,Qatar,,,Doha Metropolitan Area,,,ChIJZdMPFvvaRT4Rum09e_8wmPA,2020-03-14,-28.0,-11.0,-22.0,-35.0,-1.0,8.0
QA,Qatar,,,Doha Metropolitan Area,,,ChIJZdMPFvvaRT4Rum09e_8wmPA,2020-03-15,-20.0,-4.0,-13.0,-27.0,-6.0,9.0
QA,Qatar,,,Doha Metropolitan Area,,,ChIJZdMPFvvaRT4Rum09e_8wmPA,2020-03-16,-29.0,-6.0,-18.0,-32.0,-9.0,10.0
QA,Qatar,,,Doha Metropolitan Area,,,ChIJZdMPFvvaRT4Rum09e_8wmPA,2020-03-17,-35.0,-5.0,-20.0,-36.0,-17.0,14.0
QA,Qatar,,,Doha Metropolitan Area,,,ChIJZdMPFvvaRT4Rum09e_8wmPA,2020-03-18,-45.0,-17.0,-33.0,-43.0,-23.0,17.0
QA,Qatar,,,Doha Metropolitan Area,,,ChIJZdMPFvvaRT4Rum09e_8wmPA,2020-03-19,-47.0,-22.0,-29.0,-46.0,-25.0,20.0
QA,Qatar,,,Doha Metropolitan Area,,,ChIJZdMPFvvaRT4Rum09e_8wmPA,2020-03-20,-61.0,-39.0,-51.0,-57.0,-27.0,16.0
QA,Qatar,,,Doha Metropolitan Area,,,ChIJZdMPFvvaRT4Rum09e_8wmPA,2020-03-21,-49.0,-25.0,-36.0,-47.0,-21.0,15.0
QA,Qatar,,,Doha Metropolitan Area,,,ChIJZdMPFvvaRT4Rum09e_8wmPA,2020-03-22,-51.0,-28.0,-51.0,-51.0,-29.0,21.0
QA,Qatar,,,Doha Metropolitan Area,,,ChIJZdMPFvvaRT4Rum09e_8wmPA,2020-03-23,-52.0,-29.0,-54.0,-51.0,-30.0,21.0
QA,Qatar,,,Doha Metropolitan Area,,,ChIJZdMPFvvaRT4Rum09e_8wmPA,2020-03-24,-52.0,-27.0,-53.0,-51.0,-31.0,21.0
QA,Qatar,,,Doha Metropolitan Area,,,ChIJZdMPFvvaRT4Rum09e_8wmPA,2020-03-25,-53.0,-27.0,-57.0,-53.0,-32.0,21.0
QA,Qatar,,,Doha Metropolitan Area,,,ChIJZdMPFvvaRT4Rum09e_8wmPA,2020-03-26,-54.0,-26.0,-59.0,-54.0,-33.0,24.0
QA,Qatar,,,Doha Metropolitan Area,,,ChIJZdMPFvvaRT4Rum09e_8wmPA,2020-03-27,-71.0,-44.0,-79.0,-67.0,-35.0,20.0
QA,Qatar,,,Doha Metropolitan Area,,,ChIJZdMPFvvaRT4Rum09e_8wmPA,2020-03-28,-61.0,-34.0,-61.0,-57.0,-28.0,19.0
QA,Qatar,,,Doha Metropolitan Area,,,ChIJZdMPFvvaRT4Rum09e_8wmPA,2020-03-29,-55.0,-28.0,-54.0,-55.0,-33.0,22.0
QA,Qatar,,,Doha Metropolitan Area,,,ChIJZdMPFvvaRT4Rum09e_8wmPA,2020-03-30,-56.0,-28.0,-56.0,-54.0,-34.0,22.0
QA,Qatar,,,Doha Metropolitan Area,,,ChIJZdMPFvvaRT4Rum09e_8wmPA,2020-03-31,-55.0,-27.0,-53.0,-53.0,-34.0,22.0
QA,Qatar,,,Doha Metropolitan Area,,,ChIJZdMPFvvaRT4Rum09e_8wmPA,2020-04-01,-55.0,-26.0,-56.0,-55.0,-35.0,22.0
QA,Qatar,,,Doha Metropolitan Area,,,ChIJZdMPFvvaRT4Rum09e_8wmPA,2020-04-02,-59.0,-28.0,-60.0,-58.0,-38.0,27.0
QA,Qatar,,,Doha Metropolitan Area,,,ChIJZdMPFvvaRT4Rum09e_8wmPA,2020-04-03,-71.0,-43.0,-78.0,-68.0,-39.0,20.0
QA,Qatar,,,Doha Metropolitan Area,,,ChIJZdMPFvvaRT4Rum09e_8wmPA,2020-04-04,-59.0,-30.0,-59.0,-58.0,-32.0,20.0
QA,Qatar,,,Doha Metropolitan Area,,,ChIJZdMPFvvaRT4Rum09e_8wmPA,2020-04-05,-54.0,-24.0,-50.0,-55.0,-39.0,24.0
QA,Qatar,,,Doha Metropolitan Area,,,ChIJZdMPFvvaRT4Rum09e_8wmPA,2020-04-06,-56.0,-26.0,-52.0,-55.0,-39.0,25.0
QA,Qatar,,,Doha Metropolitan Area,,,ChIJZdMPFvvaRT4Rum09e_8wmPA,2020-04-07,-56.0,-26.0,-51.0,-57.0,-40.0,25.0
QA,Qatar,,,Doha Metropolitan Area,,,ChIJZdMPFvvaRT4Rum09e_8wmPA,2020-04-08,-58.0,-27.0,-57.0,-58.0,-40.0,25.0
QA,Qatar,,,Doha Metropolitan Area,,,ChIJZdMPFvvaRT4Rum09e_8wmPA,2020-04-09,-59.0,-26.0,-57.0,-59.0,-40.0,28.0
QA,Qatar,,,Doha Metropolitan Area,,,ChIJZdMPFvvaRT4Rum09e_8wmPA,2020-04-10,-75.0,-51.0,-78.0,-71.0,-44.0,22.0
QA,Qatar,,,Doha Metropolitan Area,,,ChIJZdMPFvvaRT4Rum09e_8wmPA,2020-04-11,-66.0,-38.0,-61.0,-63.0,-44.0,24.0
QA,Qatar,,,Doha Metropolitan Area,,,ChIJZdMPFvvaRT4Rum09e_8wmPA,2020-04-12,-52.0,-25.0,-48.0,-56.0,-39.0,24.0
QA,Qatar,,,Doha Metropolitan Area,,,ChIJZdMPFvvaRT4Rum09e_8wmPA,2020-04-13,-57.0,-34.0,-56.0,-59.0,-40.0,25.0
QA,Qatar,,,Doha Metropolitan Area,,,ChIJZdMPFvvaRT4Rum09e_8wmPA,2020-04-14,-55.0,-27.0,-49.0,-57.0,-40.0,24.0
QA,Qatar,,,Doha Metropolitan Area,,,ChIJZdMPFvvaRT4Rum09e_8wmPA,2020-04-15,-58.0,-33.0,-56.0,-61.0,-42.0,26.0
QA,Qatar,,,Doha Metropolitan Area,,,ChIJZdMPFvvaRT4Rum09e_8wmPA,2020-04-16,-57.0,-29.0,-55.0,-59.0,-39.0,27.0
QA,Qatar,,,Doha Metropolitan Area,,,ChIJZdMPFvvaRT4Rum09e_8wmPA,2020-04-17,-72.0,-47.0,-75.0,-71.0,-42.0,21.0
QA,Qatar,,,Doha Metropolitan Area,,,ChIJZdMPFvvaRT4Rum09e_8wmPA,2020-04-18,-64.0,-36.0,-57.0,-61.0,-42.0,22.0
QA,Qatar,,,Doha Metropolitan Area,,,ChIJZdMPFvvaRT4Rum09e_8wmPA,2020-04-19,-50.0,-24.0,-45.0,-56.0,-38.0,23.0
QA,Qatar,,,Doha Metropolitan Area,,,ChIJZdMPFvvaRT4Rum09e_8wmPA,2020-04-20,-53.0,-26.0,-48.0,-56.0,-39.0,24.0
QA,Qatar,,,Doha Metropolitan Area,,,ChIJZdMPFvvaRT4Rum09e_8wmPA,2020-04-21,-53.0,-25.0,-47.0,-56.0,-39.0,23.0
QA,Qatar,,,Doha Metropolitan Area,,,ChIJZdMPFvvaRT4Rum09e_8wmPA,2020-04-22,-54.0,-23.0,-52.0,-56.0,-39.0,23.0
QA,Qatar,,,Doha Metropolitan Area,,,ChIJZdMPFvvaRT4Rum09e_8wmPA,2020-04-23,-55.0,-17.0,-54.0,-57.0,-39.0,26.0
QA,Qatar,,,Doha Metropolitan Area,,,ChIJZdMPFvvaRT4Rum09e_8wmPA,2020-04-24,-73.0,-43.0,-78.0,-72.0,-43.0,22.0
QA,Qatar,,,Doha Metropolitan Area,,,ChIJZdMPFvvaRT4Rum09e_8wmPA,2020-04-25,-67.0,-37.0,-62.0,-63.0,-43.0,25.0
QA,Qatar,,,Doha Metropolitan Area,,,ChIJZdMPFvvaRT4Rum09e_8wmPA,2020-04-26,-56.0,-28.0,-52.0,-58.0,-41.0,27.0
QA,Qatar,,,Doha Metropolitan Area,,,ChIJZdMPFvvaRT4Rum09e_8wmPA,2020-04-27,-59.0,-31.0,-53.0,-58.0,-41.0,28.0
QA,Qatar,,,Doha Metropolitan Area,,,ChIJZdMPFvvaRT4Rum09e_8wmPA,2020-04-28,-57.0,-26.0,-51.0,-57.0,-41.0,27.0
QA,Qatar,,,Doha Metropolitan Area,,,ChIJZdMPFvvaRT4Rum09e_8wmPA,2020-04-29,-57.0,-27.0,-54.0,-57.0,-42.0,27.0
QA,Qatar,,,Doha Metropolitan Area,,,ChIJZdMPFvvaRT4Rum09e_8wmPA,2020-04-30,-59.0,-29.0,-57.0,-58.0,-41.0,29.0
QA,Qatar,,,Doha Metropolitan Area,,,ChIJZdMPFvvaRT4Rum09e_8wmPA,2020-05-01,-70.0,-41.0,-74.0,-67.0,-41.0,20.0
QA,Qatar,,,Doha Metropolitan Area,,,ChIJZdMPFvvaRT4Rum09e_8wmPA,2020-05-02,-63.0,-32.0,-56.0,-58.0,-42.0,23.0
QA,Qatar,,,Doha Metropolitan Area,,,ChIJZdMPFvvaRT4Rum09e_8wmPA,2020-05-03,-50.0,-19.0,-44.0,-54.0,-40.0,25.0
QA,Qatar,,,Doha Metropolitan Area,,,ChIJZdMPFvvaRT4Rum09e_8wmPA,2020-05-04,-53.0,-23.0,-48.0,-53.0,-41.0,26.0
QA,Qatar,,,Doha Metropolitan Area,,,ChIJZdMPFvvaRT4Rum09e_8wmPA,2020-05-05,-54.0,-23.0,-46.0,-53.0,-41.0,26.0
QA,Qatar,,,Doha Metropolitan Area,,,ChIJZdMPFvvaRT4Rum09e_8wmPA,2020-05-06,-53.0,-20.0,-47.0,-51.0,-40.0,26.0
QA,Qatar,,,Doha Metropolitan Area,,,ChIJZdMPFvvaRT4Rum09e_8wmPA,2020-05-07,-55.0,-21.0,-51.0,-54.0,-39.0,28.0
QA,Qatar,,,Doha Metropolitan Area,,,ChIJZdMPFvvaRT4Rum09e_8wmPA,2020-05-08,-68.0,-37.0,-71.0,-65.0,-39.0,20.0
QA,Qatar,,,Doha Metropolitan Area,,,ChIJZdMPFvvaRT4Rum09e_8wmPA,2020-05-09,-61.0,-29.0,-53.0,-56.0,-40.0,23.0
QA,Qatar,,,Doha Metropolitan Area,,,ChIJZdMPFvvaRT4Rum09e_8wmPA,2020-05-10,-48.0,-15.0,-41.0,-51.0,-38.0,25.0
QA,Qatar,,,Doha Metropolitan Area,,,ChIJZdMPFvvaRT4Rum09e_8wmPA,2020-05-11,-51.0,-18.0,-44.0,-50.0,-38.0,25.0
QA,Qatar,,,Doha Metropolitan Area,,,ChIJZdMPFvvaRT4Rum09e_8wmPA,2020-05-12,-51.0,-18.0,-42.0,-50.0,-38.0,25.0
QA,Qatar,,,Doha Metropolitan Area,,,ChIJZdMPFvvaRT4Rum09e_8wmPA,2020-05-13,-51.0,-20.0,-47.0,-52.0,-38.0,26.0
QA,Qatar,,,Doha Metropolitan Area,,,ChIJZdMPFvvaRT4Rum09e_8wmPA,2020-05-14,-54.0,-22.0,-50.0,-55.0,-38.0,29.0
QA,Qatar,,,Doha Metropolitan Area,,,ChIJZdMPFvvaRT4Rum09e_8wmPA,2020-05-15,-68.0,-38.0,-71.0,-67.0,-37.0,20.0
QA,Qatar,,,Doha Metropolitan Area,,,ChIJZdMPFvvaRT4Rum09e_8wmPA,2020-05-16,-60.0,-28.0,-51.0,-57.0,-37.0,23.0
QA,Qatar,,,Doha Metropolitan Area,,,ChIJZdMPFvvaRT4Rum09e_8wmPA,2020-05-17,-46.0,-15.0,-39.0,-51.0,-37.0,25.0
QA,Qatar,,,Doha Metropolitan Area,,,ChIJZdMPFvvaRT4Rum09e_8wmPA,2020-05-18,-48.0,-17.0,-42.0,-49.0,-37.0,24.0
QA,Qatar,,,Doha Metropolitan Area,,,ChIJZdMPFvvaRT4Rum09e_8wmPA,2020-05-19,-50.0,-13.0,-36.0,-46.0,-41.0,22.0
QA,Qatar,,,Doha Metropolitan Area,,,ChIJZdMPFvvaRT4Rum09e_8wmPA,2020-05-20,-50.0,-11.0,-39.0,-44.0,-43.0,24.0
QA,Qatar,,,Doha Metropolitan Area,,,ChIJZdMPFvvaRT4Rum09e_8wmPA,2020-05-21,-51.0,-10.0,-40.0,-41.0,-43.0,26.0
QA,Qatar,,,Doha Metropolitan Area,,,ChIJZdMPFvvaRT4Rum09e_8wmPA,2020-05-22,-60.0,-23.0,-62.0,-57.0,-30.0,16.0
QA,Qatar,,,Doha Metropolitan Area,,,ChIJZdMPFvvaRT4Rum09e_8wmPA,2020-05-23,-49.0,-2.0,-38.0,-44.0,-41.0,20.0
QA,Qatar,,,Doha Metropolitan Area,,,ChIJZdMPFvvaRT4Rum09e_8wmPA,2020-05-24,-59.0,-31.0,-43.0,-55.0,-75.0,33.0
QA,Qatar,,,Doha Metropolitan Area,,,ChIJZdMPFvvaRT4Rum09e_8wmPA,2020-05-25,-57.0,-20.0,-47.0,-56.0,-73.0,33.0
QA,Qatar,,,Doha Metropolitan Area,,,ChIJZdMPFvvaRT4Rum09e_8wmPA,2020-05-26,-55.0,-18.0,-42.0,-54.0,-67.0,31.0
QA,Qatar,,,Doha Metropolitan Area,,,ChIJZdMPFvvaRT4Rum09e_8wmPA,2020-05-27,-50.0,-14.0,-36.0,-45.0,-43.0,23.0
QA,Qatar,,,Doha Metropolitan Area,,,ChIJZdMPFvvaRT4Rum09e_8wmPA,2020-05-28,-52.0,-18.0,-40.0,-49.0,-42.0,26.0
QA,Qatar,,,Doha Metropolitan Area,,,ChIJZdMPFvvaRT4Rum09e_8wmPA,2020-05-29,-63.0,-32.0,-64.0,-62.0,-32.0,18.0
QA,Qatar,,,Doha Metropolitan Area,,,ChIJZdMPFvvaRT4Rum09e_8wmPA,2020-05-30,-52.0,-19.0,-39.0,-47.0,-27.0,18.0
QA,Qatar,,,Doha Metropolitan Area,,,ChIJZdMPFvvaRT4Rum09e_8wmPA,2020-05-31,-32.0,2.0,-22.0,-41.0,-26.0,18.0
QA,Qatar,,,Doha Metropolitan Area,,,ChIJZdMPFvvaRT4Rum09e_8wmPA,2020-06-01,-33.0,4.0,-26.0,-37.0,-26.0,18.0
QA,Qatar,,,Doha Metropolitan Area,,,ChIJZdMPFvvaRT4Rum09e_8wmPA,2020-06-02,-33.0,5.0,-24.0,-38.0,-26.0,18.0
QA,Qatar,,,Doha Metropolitan Area,,,ChIJZdMPFvvaRT4Rum09e_8wmPA,2020-06-03,-33.0,6.0,-28.0,-38.0,-26.0,18.0
QA,Qatar,,,Doha Metropolitan Area,,,ChIJZdMPFvvaRT4Rum09e_8wmPA,2020-06-04,-32.0,8.0,-28.0,-39.0,-25.0,19.0
QA,Qatar,,,Doha Metropolitan Area,,,ChIJZdMPFvvaRT4Rum09e_8wmPA,2020-06-05,-52.0,-9.0,-55.0,-55.0,-25.0,16.0
QA,Qatar,,,Doha Metropolitan Area,,,ChIJZdMPFvvaRT4Rum09e_8wmPA,2020-06-06,-40.0,2.0,-28.0,-41.0,-22.0,15.0
QA,Qatar,,,Doha Metropolitan Area,,,ChIJZdMPFvvaRT4Rum09e_8wmPA,2020-06-07,-19.0,20.0,-9.0,-33.0,-21.0,15.0
QA,Qatar,,,Doha Metropolitan Area,,,ChIJZdMPFvvaRT4Rum09e_8wmPA,2020-06-08,-23.0,17.0,-15.0,-33.0,-21.0,16.0
QA,Qatar,,,Doha Metropolitan Area,,,ChIJZdMPFvvaRT4Rum09e_8wmPA,2020-06-09,-25.0,14.0,-14.0,-34.0,-21.0,16.0
QA,Qatar,,,Doha Metropolitan Area,,,ChIJZdMPFvvaRT4Rum09e_8wmPA,2020-06-10,-26.0,13.0,-20.0,-34.0,-21.0,16.0
QA,Qatar,,,Doha Metropolitan Area,,,ChIJZdMPFvvaRT4Rum09e_8wmPA,2020-06-11,-29.0,12.0,-23.0,-37.0,-21.0,19.0
QA,Qatar,,,Doha Metropolitan Area,,,ChIJZdMPFvvaRT4Rum09e_8wmPA,2020-06-12,-48.0,-6.0,-50.0,-52.0,-21.0,16.0
QA,Qatar,,,Doha Metropolitan Area,,,ChIJZdMPFvvaRT4Rum09e_8wmPA,2020-06-13,-38.0,4.0,-23.0,-40.0,-17.0,15.0
QA,Qatar,,,Doha Metropolitan Area,,,ChIJZdMPFvvaRT4Rum09e_8wmPA,2020-06-14,-18.0,20.0,-7.0,-34.0,-19.0,15.0
QA,Qatar,,,Doha Metropolitan Area,,,ChIJZdMPFvvaRT4Rum09e_8wmPA,2020-06-15,-20.0,16.0,-8.0,-33.0,-18.0,15.0
QA,Qatar,,,Doha Metropolitan Area,,,ChIJZdMPFvvaRT4Rum09e_8wmPA,2020-06-16,-21.0,15.0,-7.0,-32.0,-18.0,15.0
QA,Qatar,,,Doha Metropolitan Area,,,ChIJZdMPFvvaRT4Rum09e_8wmPA,2020-06-17,-22.0,14.0,-12.0,-34.0,-19.0,16.0
QA,Qatar,,,Doha Metropolitan Area,,,ChIJZdMPFvvaRT4Rum09e_8wmPA,2020-06-18,-25.0,13.0,-13.0,-34.0,-19.0,18.0
QA,Qatar,,,Doha Metropolitan Area,,,ChIJZdMPFvvaRT4Rum09e_8wmPA,2020-06-19,-46.0,-6.0,-37.0,-47.0,-19.0,15.0
QA,Qatar,,,Doha Metropolitan Area,,,ChIJZdMPFvvaRT4Rum09e_8wmPA,2020-06-20,-36.0,4.0,-10.0,-37.0,-15.0,13.0
QA,Qatar,,,Doha Metropolitan Area,,,ChIJZdMPFvvaRT4Rum09e_8wmPA,2020-06-21,-14.0,20.0,3.0,-31.0,-18.0,15.0
QA,Qatar,,,Doha Metropolitan Area,,,ChIJZdMPFvvaRT4Rum09e_8wmPA,2020-06-22,-19.0,15.0,1.0,-31.0,-19.0,15.0
QA,Qatar,,,Doha Metropolitan Area,,,ChIJZdMPFvvaRT4Rum09e_8wmPA,2020-06-23,-20.0,14.0,2.0,-31.0,-19.0,15.0
QA,Qatar,,,Doha Metropolitan Area,,,ChIJZdMPFvvaRT4Rum09e_8wmPA,2020-06-24,-21.0,13.0,-4.0,-31.0,-18.0,16.0
QA,Qatar,,,Doha Metropolitan Area,,,ChIJZdMPFvvaRT4Rum09e_8wmPA,2020-06-25,-22.0,15.0,-7.0,-30.0,-18.0,17.0
QA,Qatar,,,Doha Metropolitan Area,,,ChIJZdMPFvvaRT4Rum09e_8wmPA,2020-06-26,-44.0,-5.0,-31.0,-45.0,-17.0,15.0
QA,Qatar,,,Doha Metropolitan Area,,,ChIJZdMPFvvaRT4Rum09e_8wmPA,2020-06-27,-35.0,3.0,-6.0,-35.0,-15.0,14.0
QA,Qatar,,,Doha Metropolitan Area,,,ChIJZdMPFvvaRT4Rum09e_8wmPA,2020-06-28,-10.0,24.0,6.0,-27.0,-14.0,13.0
QA,Qatar,,,Doha Metropolitan Area,,,ChIJZdMPFvvaRT4Rum09e_8wmPA,2020-06-29,-13.0,22.0,2.0,-25.0,-15.0,14.0
QA,Qatar,,,Doha Metropolitan Area,,,ChIJZdMPFvvaRT4Rum09e_8wmPA,2020-06-30,-14.0,22.0,5.0,-25.0,-15.0,13.0
QA,Qatar,,,Doha Metropolitan Area,,,ChIJZdMPFvvaRT4Rum09e_8wmPA,2020-07-01,-13.0,22.0,6.0,-26.0,-15.0,13.0
QA,Qatar,,,Doha Metropolitan Area,,,ChIJZdMPFvvaRT4Rum09e_8wmPA,2020-07-02,-16.0,20.0,1.0,-27.0,-15.0,15.0
QA,Qatar,,,Doha Metropolitan Area,,,ChIJZdMPFvvaRT4Rum09e_8wmPA,2020-07-03,-39.0,2.0,-19.0,-40.0,-15.0,13.0
QA,Qatar,,,Doha Metropolitan Area,,,ChIJZdMPFvvaRT4Rum09e_8wmPA,2020-07-04,-30.0,8.0,3.0,-31.0,-12.0,13.0
QA,Qatar,,,Doha Metropolitan Area,,,ChIJZdMPFvvaRT4Rum09e_8wmPA,2020-07-05,-5.0,27.0,13.0,-25.0,-14.0,12.0
QA,Qatar,,,Doha Metropolitan Area,,,ChIJZdMPFvvaRT4Rum09e_8wmPA,2020-07-06,-10.0,21.0,11.0,-24.0,-14.0,12.0
QA,Qatar,,,Doha Metropolitan Area,,,ChIJZdMPFvvaRT4Rum09e_8wmPA,2020-07-07,-11.0,21.0,19.0,-25.0,-14.0,13.0
QA,Qatar,,,Doha Metropolitan Area,,,ChIJZdMPFvvaRT4Rum09e_8wmPA,2020-07-08,-14.0,18.0,6.0,-27.0,-13.0,13.0
QA,Qatar,,,Doha Metropolitan Area,,,ChIJZdMPFvvaRT4Rum09e_8wmPA,2020-07-09,-17.0,19.0,5.0,-28.0,-14.0,15.0
QA,Qatar,,,Doha Metropolitan Area,,,ChIJZdMPFvvaRT4Rum09e_8wmPA,2020-07-10,-32.0,4.0,-23.0,-40.0,-8.0,12.0
QA,Qatar,,,Doha Metropolitan Area,,,ChIJZdMPFvvaRT4Rum09e_8wmPA,2020-07-11,-20.0,12.0,1.0,-30.0,-3.0,10.0
QA,Qatar,,,Doha Metropolitan Area,,,ChIJZdMPFvvaRT4Rum09e_8wmPA,2020-07-12,-10.0,21.0,16.0,-27.0,-12.0,12.0
QA,Qatar,,,Doha Metropolitan Area,,,ChIJZdMPFvvaRT4Rum09e_8wmPA,2020-07-13,-13.0,17.0,15.0,-25.0,-12.0,13.0
QA,Qatar,,,Doha Metropolitan Area,,,ChIJZdMPFvvaRT4Rum09e_8wmPA,2020-07-14,-14.0,16.0,13.0,-27.0,-13.0,13.0
QA,Qatar,,,Doha Metropolitan Area,,,ChIJZdMPFvvaRT4Rum09e_8wmPA,2020-07-15,-15.0,16.0,7.0,-28.0,-12.0,13.0
QA,Qatar,,,Doha Metropolitan Area,,,ChIJZdMPFvvaRT4Rum09e_8wmPA,2020-07-16,-16.0,16.0,6.0,-29.0,-12.0,15.0
QA,Qatar,,,Doha Metropolitan Area,,,ChIJZdMPFvvaRT4Rum09e_8wmPA,2020-07-17,-30.0,4.0,-18.0,-40.0,-5.0,12.0
QA,Qatar,,,Doha Metropolitan Area,,,ChIJZdMPFvvaRT4Rum09e_8wmPA,2020-07-18,-19.0,9.0,4.0,-30.0,-1.0,10.0
QA,Qatar,,,Doha Metropolitan Area,,,ChIJZdMPFvvaRT4Rum09e_8wmPA,2020-07-19,-11.0,17.0,12.0,-29.0,-11.0,13.0
QA,Qatar,,,Doha Metropolitan Area,,,ChIJZdMPFvvaRT4Rum09e_8wmPA,2020-07-20,-13.0,15.0,11.0,-27.0,-10.0,13.0
QA,Qatar,,,Doha Metropolitan Area,,,ChIJZdMPFvvaRT4Rum09e_8wmPA,2020-07-21,-14.0,13.0,14.0,-28.0,-11.0,13.0
QA,Qatar,,,Doha Metropolitan Area,,,ChIJZdMPFvvaRT4Rum09e_8wmPA,2020-07-22,-17.0,12.0,5.0,-30.0,-11.0,13.0
QA,Qatar,,,Doha Metropolitan Area,,,ChIJZdMPFvvaRT4Rum09e_8wmPA,2020-07-23,-17.0,14.0,7.0,-30.0,-11.0,15.0
QA,Qatar,,,Doha Metropolitan Area,,,ChIJZdMPFvvaRT4Rum09e_8wmPA,2020-07-24,-29.0,3.0,-15.0,-41.0,-3.0,12.0
QA,Qatar,,,Doha Metropolitan Area,,,ChIJZdMPFvvaRT4Rum09e_8wmPA,2020-07-25,-18.0,10.0,5.0,-31.0,0.0,10.0
QA,Qatar,,,Doha Metropolitan Area,,,ChIJZdMPFvvaRT4Rum09e_8wmPA,2020-07-26,-9.0,19.0,17.0,-29.0,-11.0,12.0
QA,Qatar,,,Doha Metropolitan Area,,,ChIJZdMPFvvaRT4Rum09e_8wmPA,2020-07-27,-8.0,20.0,17.0,-25.0,-11.0,11.0
QA,Qatar,,,Doha Metropolitan Area,,,ChIJZdMPFvvaRT4Rum09e_8wmPA,2020-07-28,-4.0,26.0,20.0,-24.0,-11.0,10.0
QA,Qatar,,,Doha Metropolitan Area,,,ChIJZdMPFvvaRT4Rum09e_8wmPA,2020-07-29,2.0,38.0,12.0,-21.0,-11.0,9.0
QA,Qatar,,,Doha Metropolitan Area,,,ChIJZdMPFvvaRT4Rum09e_8wmPA,2020-07-30,-5.0,43.0,0.0,-27.0,-28.0,17.0
QA,Qatar,,,Doha Metropolitan Area,,,ChIJZdMPFvvaRT4Rum09e_8wmPA,2020-07-31,-23.0,4.0,8.0,-25.0,-14.0,8.0
QA,Qatar,,,Doha Metropolitan Area,,,ChIJZdMPFvvaRT4Rum09e_8wmPA,2020-08-01,-16.0,18.0,28.0,-31.0,-51.0,17.0
QA,Qatar,,,Doha Metropolitan Area,,,ChIJZdMPFvvaRT4Rum09e_8wmPA,2020-08-02,-6.0,29.0,26.0,-35.0,-58.0,23.0
QA,Qatar,,,Doha Metropolitan Area,,,ChIJZdMPFvvaRT4Rum09e_8wmPA,2020-08-03,-8.0,23.0,18.0,-33.0,-45.0,21.0
QA,Qatar,,,Doha Metropolitan Area,,,ChIJZdMPFvvaRT4Rum09e_8wmPA,2020-08-04,-9.0,18.0,23.0,-31.0,-24.0,14.0
QA,Qatar,,,Doha Metropolitan Area,,,ChIJZdMPFvvaRT4Rum09e_8wmPA,2020-08-05,-10.0,15.0,12.0,-31.0,-17.0,13.0
QA,Qatar,,,Doha Metropolitan Area,,,ChIJZdMPFvvaRT4Rum09e_8wmPA,2020-08-06,-13.0,15.0,13.0,-31.0,-17.0,15.0
QA,Qatar,,,Doha Metropolitan Area,,,ChIJZdMPFvvaRT4Rum09e_8wmPA,2020-08-07,-25.0,4.0,-10.0,-41.0,0.0,10.0
QA,Qatar,,,Doha Metropolitan Area,,,ChIJZdMPFvvaRT4Rum09e_8wmPA,2020-08-08,-15.0,9.0,6.0,-32.0,2.0,8.0
QA,Qatar,,,Doha Metropolitan Area,,,ChIJZdMPFvvaRT4Rum09e_8wmPA,2020-08-09,-6.0,17.0,19.0,-29.0,-8.0,11.0
QA,Qatar,,,Doha Metropolitan Area,,,ChIJZdMPFvvaRT4Rum09e_8wmPA,2020-08-10,-7.0,17.0,21.0,-27.0,-9.0,10.0
QA,Qatar,,,Doha Metropolitan Area,,,ChIJZdMPFvvaRT4Rum09e_8wmPA,2020-08-11,-9.0,15.0,21.0,-28.0,-9.0,10.0
QA,Qatar,,,Doha Metropolitan Area,,,ChIJZdMPFvvaRT4Rum09e_8wmPA,2020-08-12,-11.0,13.0,12.0,-30.0,-9.0,11.0
QA,Qatar,,,Doha Metropolitan Area,,,ChIJZdMPFvvaRT4Rum09e_8wmPA,2020-08-13,-12.0,15.0,14.0,-30.0,-9.0,12.0
QA,Qatar,,,Doha Metropolitan Area,,,ChIJZdMPFvvaRT4Rum09e_8wmPA,2020-08-14,-23.0,5.0,-7.0,-40.0,2.0,9.0
QA,Qatar,,,Doha Metropolitan Area,,,ChIJZdMPFvvaRT4Rum09e_8wmPA,2020-08-15,-14.0,8.0,9.0,-33.0,3.0,8.0
QA,Qatar,,,Doha Metropolitan Area,,,ChIJZdMPFvvaRT4Rum09e_8wmPA,2020-08-16,-7.0,16.0,23.0,-31.0,-8.0,10.0
QA,Qatar,,,Doha Metropolitan Area,,,ChIJZdMPFvvaRT4Rum09e_8wmPA,2020-08-17,-10.0,12.0,20.0,-29.0,-8.0,10.0
QA,Qatar,,,Doha Metropolitan Area,,,ChIJZdMPFvvaRT4Rum09e_8wmPA,2020-08-18,-12.0,12.0,21.0,-28.0,-7.0,10.0
QA,Qatar,,,Doha Metropolitan Area,,,ChIJZdMPFvvaRT4Rum09e_8wmPA,2020-08-19,-14.0,9.0,6.0,-31.0,-8.0,10.0
QA,Qatar,,,Doha Metropolitan Area,,,ChIJZdMPFvvaRT4Rum09e_8wmPA,2020-08-20,-15.0,13.0,11.0,-30.0,-8.0,11.0
QA,Qatar,,,Doha Metropolitan Area,,,ChIJZdMPFvvaRT4Rum09e_8wmPA,2020-08-21,-25.0,7.0,-3.0,-40.0,2.0,9.0
QA,Qatar,,,Doha Metropolitan Area,,,ChIJZdMPFvvaRT4Rum09e_8wmPA,2020-08-22,-18.0,8.0,7.0,-33.0,2.0,8.0
QA,Qatar,,,Doha Metropolitan Area,,,ChIJZdMPFvvaRT4Rum09e_8wmPA,2020-08-23,-11.0,14.0,13.0,-32.0,-7.0,10.0
QA,Qatar,,,Doha Metropolitan Area,,,ChIJZdMPFvvaRT4Rum09e_8wmPA,2020-08-24,-13.0,12.0,8.0,-31.0,-7.0,10.0
QA,Qatar,,,Doha Metropolitan Area,,,ChIJZdMPFvvaRT4Rum09e_8wmPA,2020-08-25,-13.0,14.0,18.0,-29.0,-7.0,9.0
QA,Qatar,,,Doha Metropolitan Area,,,ChIJZdMPFvvaRT4Rum09e_8wmPA,2020-08-26,-15.0,12.0,10.0,-31.0,-6.0,9.0
QA,Qatar,,,Doha Metropolitan Area,,,ChIJZdMPFvvaRT4Rum09e_8wmPA,2020-08-27,-12.0,21.0,12.0,-28.0,-6.0,10.0
QA,Qatar,,,Doha Metropolitan Area,,,ChIJZdMPFvvaRT4Rum09e_8wmPA,2020-08-28,-22.0,10.0,-14.0,-38.0,2.0,8.0
QA,Qatar,,,Doha Metropolitan Area,,,ChIJZdMPFvvaRT4Rum09e_8wmPA,2020-08-29,-15.0,13.0,1.0,-31.0,3.0,7.0
QA,Qatar,,,Doha Metropolitan Area,,,ChIJZdMPFvvaRT4Rum09e_8wmPA,2020-08-30,-4.0,24.0,16.0,-27.0,-6.0,8.0
QA,Qatar,,,Doha Metropolitan Area,,,ChIJZdMPFvvaRT4Rum09e_8wmPA,2020-08-31,-6.0,21.0,12.0,-26.0,-7.0,8.0
QA,Qatar,,,Doha Metropolitan Area,,,ChIJZdMPFvvaRT4Rum09e_8wmPA,2020-09-01,-5.0,23.0,16.0,-20.0,-7.0,7.0
QA,Qatar,,,Doha Metropolitan Area,,,ChIJZdMPFvvaRT4Rum09e_8wmPA,2020-09-02,-8.0,20.0,9.0,-22.0,-7.0,7.0
QA,Qatar,,,Doha Metropolitan Area,,,ChIJZdMPFvvaRT4Rum09e_8wmPA,2020-09-03,-8.0,21.0,10.0,-21.0,-8.0,8.0
QA,Qatar,,,Doha Metropolitan Area,,,ChIJZdMPFvvaRT4Rum09e_8wmPA,2020-09-04,-14.0,16.0,-8.0,-28.0,1.0,6.0
QA,Qatar,,,Doha Metropolitan Area,,,ChIJZdMPFvvaRT4Rum09e_8wmPA,2020-09-05,-9.0,18.0,4.0,-23.0,1.0,5.0
QA,Qatar,,,Doha Metropolitan Area,,,ChIJZdMPFvvaRT4Rum09e_8wmPA,2020-09-06,-3.0,23.0,17.0,-20.0,-7.0,7.0
QA,Qatar,,,Doha Metropolitan Area,,,ChIJZdMPFvvaRT4Rum09e_8wmPA,2020-09-07,-7.0,20.0,15.0,-18.0,-8.0,6.0
QA,Qatar,,,Doha Metropolitan Area,,,ChIJZdMPFvvaRT4Rum09e_8wmPA,2020-09-08,-7.0,20.0,19.0,-19.0,-7.0,6.0
QA,Qatar,,,Doha Metropolitan Area,,,ChIJZdMPFvvaRT4Rum09e_8wmPA,2020-09-09,-10.0,16.0,8.0,-20.0,-6.0,6.0
QA,Qatar,,,Doha Metropolitan Area,,,ChIJZdMPFvvaRT4Rum09e_8wmPA,2020-09-10,-8.0,20.0,13.0,-17.0,-7.0,6.0
QA,Qatar,,,Doha Metropolitan Area,,,ChIJZdMPFvvaRT4Rum09e_8wmPA,2020-09-11,-13.0,16.0,-3.0,-23.0,1.0,5.0
QA,Qatar,,,Doha Metropolitan Area,,,ChIJZdMPFvvaRT4Rum09e_8wmPA,2020-09-12,-10.0,16.0,8.0,-22.0,2.0,5.0
QA,Qatar,,,Doha Metropolitan Area,,,ChIJZdMPFvvaRT4Rum09e_8wmPA,2020-09-13,-5.0,20.0,16.0,-19.0,-6.0,6.0
QA,Qatar,,,Doha Metropolitan Area,,,ChIJZdMPFvvaRT4Rum09e_8wmPA,2020-09-14,-9.0,17.0,11.0,-17.0,-4.0,6.0
QA,Qatar,,,Doha Metropolitan Area,,,ChIJZdMPFvvaRT4Rum09e_8wmPA,2020-09-15,-9.0,16.0,17.0,-17.0,-4.0,7.0
QA,Qatar,,,Doha Metropolitan Area,,,ChIJZdMPFvvaRT4Rum09e_8wmPA,2020-09-16,-11.0,15.0,10.0,-19.0,-5.0,7.0
QA,Qatar,,,Doha Metropolitan Area,,,ChIJZdMPFvvaRT4Rum09e_8wmPA,2020-09-17,-10.0,17.0,12.0,-17.0,-6.0,8.0
QA,Qatar,,,Doha Metropolitan Area,,,ChIJZdMPFvvaRT4Rum09e_8wmPA,2020-09-18,-16.0,12.0,-2.0,-24.0,0.0,7.0
QA,Qatar,,,Doha Metropolitan Area,,,ChIJZdMPFvvaRT4Rum09e_8wmPA,2020-09-19,-12.0,13.0,8.0,-22.0,1.0,6.0
QA,Qatar,,,Doha Metropolitan Area,,,ChIJZdMPFvvaRT4Rum09e_8wmPA,2020-09-20,-8.0,16.0,15.0,-20.0,-4.0,7.0
QA,Qatar,,,Doha Metropolitan Area,,,ChIJZdMPFvvaRT4Rum09e_8wmPA,2020-09-21,-10.0,14.0,10.0,-17.0,-5.0,7.0
QA,Qatar,,,Doha Metropolitan Area,,,ChIJZdMPFvvaRT4Rum09e_8wmPA,2020-09-22,-11.0,14.0,12.0,-15.0,-5.0,7.0
QA,Qatar,,,Doha Metropolitan Area,,,ChIJZdMPFvvaRT4Rum09e_8wmPA,2020-09-23,-13.0,14.0,5.0,-15.0,-4.0,8.0
QA,Qatar,,,Doha Metropolitan Area,,,ChIJZdMPFvvaRT4Rum09e_8wmPA,2020-09-24,-11.0,18.0,6.0,-11.0,-4.0,9.0
QA,Qatar,,,Doha Metropolitan Area,,,ChIJZdMPFvvaRT4Rum09e_8wmPA,2020-09-25,-17.0,11.0,-8.0,-22.0,-1.0,7.0
QA,Qatar,,,Doha Metropolitan Area,,,ChIJZdMPFvvaRT4Rum09e_8wmPA,2020-09-26,-13.0,14.0,2.0,-16.0,3.0,6.0
QA,Qatar,,,Doha Metropolitan Area,,,ChIJZdMPFvvaRT4Rum09e_8wmPA,2020-09-27,-8.0,19.0,7.0,-13.0,-3.0,7.0
QA,Qatar,,,Doha Metropolitan Area,,,ChIJZdMPFvvaRT4Rum09e_8wmPA,2020-09-28,-7.0,21.0,3.0,-10.0,-3.0,6.0
QA,Qatar,,,Doha Metropolitan Area,,,ChIJZdMPFvvaRT4Rum09e_8wmPA,2020-09-29,-6.0,23.0,11.0,-9.0,-4.0,6.0
QA,Qatar,,,Doha Metropolitan Area,,,ChIJZdMPFvvaRT4Rum09e_8wmPA,2020-09-30,-7.0,24.0,6.0,-12.0,-4.0,5.0
QA,Qatar,,,Doha Metropolitan Area,,,ChIJZdMPFvvaRT4Rum09e_8wmPA,2020-10-01,-6.0,28.0,6.0,-8.0,-4.0,5.0
QA,Qatar,,,Doha Metropolitan Area,,,ChIJZdMPFvvaRT4Rum09e_8wmPA,2020-10-02,-10.0,23.0,-4.0,-14.0,0.0,4.0
QA,Qatar,,,Doha Metropolitan Area,,,ChIJZdMPFvvaRT4Rum09e_8wmPA,2020-10-03,-7.0,23.0,3.0,-12.0,1.0,3.0
QA,Qatar,,,Doha Metropolitan Area,,,ChIJZdMPFvvaRT4Rum09e_8wmPA,2020-10-04,-3.0,27.0,13.0,-9.0,-5.0,4.0
QA,Qatar,,,Doha Metropolitan Area,,,ChIJZdMPFvvaRT4Rum09e_8wmPA,2020-10-05,-6.0,23.0,7.0,-9.0,-5.0,4.0
QA,Qatar,,,Doha Metropolitan Area,,,ChIJZdMPFvvaRT4Rum09e_8wmPA,2020-10-06,-7.0,23.0,14.0,-7.0,-6.0,4.0
QA,Qatar,,,Doha Metropolitan Area,,,ChIJZdMPFvvaRT4Rum09e_8wmPA,2020-10-07,-8.0,21.0,10.0,-9.0,-4.0,4.0
QA,Qatar,,,Doha Metropolitan Area,,,ChIJZdMPFvvaRT4Rum09e_8wmPA,2020-10-08,-5.0,24.0,14.0,-5.0,-3.0,5.0
QA,Qatar,,,Doha Metropolitan Area,,,ChIJZdMPFvvaRT4Rum09e_8wmPA,2020-10-09,-10.0,20.0,8.0,-14.0,1.0,4.0
QA,Qatar,,,Doha Metropolitan Area,,,ChIJZdMPFvvaRT4Rum09e_8wmPA,2020-10-10,-9.0,18.0,10.0,-12.0,3.0,4.0
QA,Qatar,,,Doha Metropolitan Area,,,ChIJZdMPFvvaRT4Rum09e_8wmPA,2020-10-11,-4.0,23.0,14.0,-6.0,-2.0,6.0
QA,Qatar,,,Doha Metropolitan Area,,,ChIJZdMPFvvaRT4Rum09e_8wmPA,2020-10-12,-8.0,20.0,13.0,-6.0,-4.0,5.0
QA,Qatar,,,Doha Metropolitan Area,,,ChIJZdMPFvvaRT4Rum09e_8wmPA,2020-10-13,-8.0,20.0,22.0,-6.0,-4.0,5.0
QA,Qatar,,,Doha Metropolitan Area,,,ChIJZdMPFvvaRT4Rum09e_8wmPA,2020-10-14,-10.0,17.0,10.0,-10.0,-3.0,6.0
QA,Qatar,,,Doha Metropolitan Area,,,ChIJZdMPFvvaRT4Rum09e_8wmPA,2020-10-15,-8.0,22.0,13.0,-7.0,-3.0,7.0
QA,Qatar,,,Doha Metropolitan Area,,,ChIJZdMPFvvaRT4Rum09e_8wmPA,2020-10-16,-15.0,17.0,9.0,-18.0,0.0,5.0
QA,Qatar,,,Doha Metropolitan Area,,,ChIJZdMPFvvaRT4Rum09e_8wmPA,2020-10-17,-13.0,15.0,6.0,-13.0,2.0,5.0
QA,Qatar,,,Doha Metropolitan Area,,,ChIJZdMPFvvaRT4Rum09e_8wmPA,2020-10-18,-7.0,21.0,10.0,-11.0,-3.0,6.0
QA,Qatar,,,Doha Metropolitan Area,,,ChIJZdMPFvvaRT4Rum09e_8wmPA,2020-10-19,-11.0,17.0,8.0,-10.0,-4.0,6.0
QA,Qatar,,,Doha Metropolitan Area,,,ChIJZdMPFvvaRT4Rum09e_8wmPA,2020-10-20,-11.0,17.0,20.0,-9.0,-4.0,6.0
QA,Qatar,,,Doha Metropolitan Area,,,ChIJZdMPFvvaRT4Rum09e_8wmPA,2020-10-21,-12.0,17.0,15.0,-11.0,-4.0,6.0
QA,Qatar,,,Doha Metropolitan Area,,,ChIJZdMPFvvaRT4Rum09e_8wmPA,2020-10-22,-8.0,22.0,27.0,-8.0,-4.0,5.0
QA,Qatar,,,Doha Metropolitan Area,,,ChIJZdMPFvvaRT4Rum09e_8wmPA,2020-10-23,-15.0,16.0,20.0,-18.0,0.0,4.0
QA,Qatar,,,Doha Metropolitan Area,,,ChIJZdMPFvvaRT4Rum09e_8wmPA,2020-10-24,-12.0,15.0,18.0,-15.0,2.0,4.0
QA,Qatar,,,Doha Metropolitan Area,,,ChIJZdMPFvvaRT4Rum09e_8wmPA,2020-10-25,-5.0,22.0,23.0,-12.0,-3.0,5.0
QA,Qatar,,,Doha Metropolitan Area,,,ChIJZdMPFvvaRT4Rum09e_8wmPA,2020-10-26,-9.0,19.0,22.0,-10.0,-4.0,5.0
QA,Qatar,,,Doha Metropolitan Area,,,ChIJZdMPFvvaRT4Rum09e_8wmPA,2020-10-27,-7.0,21.0,28.0,-8.0,-4.0,4.0
QA,Qatar,,,Doha Metropolitan Area,,,ChIJZdMPFvvaRT4Rum09e_8wmPA,2020-10-28,-6.0,25.0,19.0,-8.0,-4.0,4.0
QA,Qatar,,,Doha Metropolitan Area,,,ChIJZdMPFvvaRT4Rum09e_8wmPA,2020-10-29,-4.0,27.0,20.0,-5.0,-5.0,3.0
QA,Qatar,,,Doha Metropolitan Area,,,ChIJZdMPFvvaRT4Rum09e_8wmPA,2020-10-30,-10.0,21.0,13.0,-13.0,0.0,1.0
QA,Qatar,,,Doha Metropolitan Area,,,ChIJZdMPFvvaRT4Rum09e_8wmPA,2020-10-31,-7.0,23.0,12.0,-12.0,2.0,3.0
QA,Qatar,,,Doha Metropolitan Area,,,ChIJZdMPFvvaRT4Rum09e_8wmPA,2020-11-01,-2.0,28.0,17.0,-8.0,-3.0,4.0
QA,Qatar,,,Doha Metropolitan Area,,,ChIJZdMPFvvaRT4Rum09e_8wmPA,2020-11-02,-5.0,26.0,16.0,-5.0,-3.0,3.0
QA,Qatar,,,Doha Metropolitan Area,,,ChIJZdMPFvvaRT4Rum09e_8wmPA,2020-11-03,-5.0,25.0,26.0,-5.0,-4.0,3.0
QA,Qatar,,,Doha Metropolitan Area,,,ChIJZdMPFvvaRT4Rum09e_8wmPA,2020-11-04,-8.0,22.0,12.0,-10.0,-3.0,4.0
QA,Qatar,,,Doha Metropolitan Area,,,ChIJZdMPFvvaRT4Rum09e_8wmPA,2020-11-05,-7.0,23.0,18.0,-7.0,-4.0,4.0
QA,Qatar,,,Doha Metropolitan Area,,,ChIJZdMPFvvaRT4Rum09e_8wmPA,2020-11-06,-10.0,21.0,16.0,-16.0,-2.0,3.0
QA,Qatar,,,Doha Metropolitan Area,,,ChIJZdMPFvvaRT4Rum09e_8wmPA,2020-11-07,-10.0,18.0,11.0,-14.0,2.0,3.0
QA,Qatar,,,Doha Metropolitan Area,,,ChIJZdMPFvvaRT4Rum09e_8wmPA,2020-11-08,-4.0,23.0,15.0,-10.0,-3.0,5.0
QA,Qatar,,,Doha Metropolitan Area,,,ChIJZdMPFvvaRT4Rum09e_8wmPA,2020-11-09,-7.0,21.0,16.0,-9.0,-3.0,5.0
QA,Qatar,,,Doha Metropolitan Area,,,ChIJZdMPFvvaRT4Rum09e_8wmPA,2020-11-10,-7.0,21.0,19.0,-8.0,-4.0,5.0
QA,Qatar,,,Doha Metropolitan Area,,,ChIJZdMPFvvaRT4Rum09e_8wmPA,2020-11-11,-7.0,22.0,13.0,-10.0,-3.0,5.0
QA,Qatar,,,Doha Metropolitan Area,,,ChIJZdMPFvvaRT4Rum09e_8wmPA,2020-11-12,-6.0,24.0,21.0,-6.0,-4.0,5.0
QA,Qatar,,,Doha Metropolitan Area,,,ChIJZdMPFvvaRT4Rum09e_8wmPA,2020-11-13,-11.0,21.0,14.0,-16.0,-1.0,3.0
QA,Qatar,,,Doha Metropolitan Area,,,ChIJZdMPFvvaRT4Rum09e_8wmPA,2020-11-14,-8.0,21.0,14.0,-13.0,0.0,4.0
QA,Qatar,,,Doha Metropolitan Area,,,ChIJZdMPFvvaRT4Rum09e_8wmPA,2020-11-15,-3.0,23.0,16.0,-9.0,-3.0,5.0
QA,Qatar,,,Doha Metropolitan Area,,,ChIJZdMPFvvaRT4Rum09e_8wmPA,2020-11-16,-7.0,19.0,19.0,-8.0,-3.0,5.0
QA,Qatar,,,Doha Metropolitan Area,,,ChIJZdMPFvvaRT4Rum09e_8wmPA,2020-11-17,-7.0,19.0,22.0,-7.0,-3.0,4.0
QA,Qatar,,,Doha Metropolitan Area,,,ChIJZdMPFvvaRT4Rum09e_8wmPA,2020-11-18,-8.0,18.0,14.0,-9.0,-3.0,5.0
QA,Qatar,,,Doha Metropolitan Area,,,ChIJZdMPFvvaRT4Rum09e_8wmPA,2020-11-19,-6.0,20.0,23.0,-5.0,-3.0,5.0
QA,Qatar,,,Doha Metropolitan Area,,,ChIJZdMPFvvaRT4Rum09e_8wmPA,2020-11-20,-11.0,15.0,21.0,-17.0,-2.0,4.0
QA,Qatar,,,Doha Metropolitan Area,,,ChIJZdMPFvvaRT4Rum09e_8wmPA,2020-11-21,-8.0,15.0,16.0,-13.0,3.0,3.0
QA,Qatar,,,Doha Metropolitan Area,,,ChIJZdMPFvvaRT4Rum09e_8wmPA,2020-11-22,-3.0,20.0,17.0,-8.0,-2.0,4.0
QA,Qatar,,,Doha Metropolitan Area,,,ChIJZdMPFvvaRT4Rum09e_8wmPA,2020-11-23,-7.0,16.0,14.0,-9.0,-3.0,5.0
QA,Qatar,,,Doha Metropolitan Area,,,ChIJZdMPFvvaRT4Rum09e_8wmPA,2020-11-24,-6.0,18.0,17.0,-8.0,-3.0,5.0
QA,Qatar,,,Doha Metropolitan Area,,,ChIJZdMPFvvaRT4Rum09e_8wmPA,2020-11-25,-6.0,17.0,13.0,-6.0,-2.0,4.0
QA,Qatar,,,Doha Metropolitan Area,,,ChIJZdMPFvvaRT4Rum09e_8wmPA,2020-11-26,0.0,24.0,22.0,2.0,-3.0,4.0
QA,Qatar,,,Doha Metropolitan Area,,,ChIJZdMPFvvaRT4Rum09e_8wmPA,2020-11-27,-1.0,22.0,18.0,-7.0,0.0,2.0
QA,Qatar,,,Doha Metropolitan Area,,,ChIJZdMPFvvaRT4Rum09e_8wmPA,2020-11-28,-2.0,20.0,17.0,-6.0,3.0,2.0
QA,Qatar,,,Doha Metropolitan Area,,,ChIJZdMPFvvaRT4Rum09e_8wmPA,2020-11-29,2.0,25.0,19.0,-2.0,-2.0,4.0
QA,Qatar,,,Doha Metropolitan Area,,,ChIJZdMPFvvaRT4Rum09e_8wmPA,2020-11-30,1.0,25.0,15.0,1.0,-2.0,3.0
QA,Qatar,,,Doha Metropolitan Area,,,ChIJZdMPFvvaRT4Rum09e_8wmPA,2020-12-01,-1.0,25.0,23.0,-1.0,-4.0,4.0
QA,Qatar,,,Doha Metropolitan Area,,,ChIJZdMPFvvaRT4Rum09e_8wmPA,2020-12-02,-2.0,24.0,15.0,-4.0,-3.0,3.0
QA,Qatar,,,Doha Metropolitan Area,,,ChIJZdMPFvvaRT4Rum09e_8wmPA,2020-12-03,0.0,26.0,23.0,2.0,-3.0,3.0
QA,Qatar,,,Doha Metropolitan Area,,,ChIJZdMPFvvaRT4Rum09e_8wmPA,2020-12-04,-3.0,21.0,19.0,-7.0,0.0,2.0
QA,Qatar,,,Doha Metropolitan Area,,,ChIJZdMPFvvaRT4Rum09e_8wmPA,2020-12-05,-3.0,20.0,14.0,-6.0,4.0,2.0
QA,Qatar,,,Doha Metropolitan Area,,,ChIJZdMPFvvaRT4Rum09e_8wmPA,2020-12-06,1.0,24.0,13.0,-2.0,-3.0,3.0
QA,Qatar,,,Doha Metropolitan Area,,,ChIJZdMPFvvaRT4Rum09e_8wmPA,2020-12-07,-1.0,23.0,12.0,-1.0,-4.0,2.0
QA,Qatar,,,Doha Metropolitan Area,,,ChIJZdMPFvvaRT4Rum09e_8wmPA,2020-12-08,-2.0,21.0,14.0,0.0,-3.0,3.0
QA,Qatar,,,Doha Metropolitan Area,,,ChIJZdMPFvvaRT4Rum09e_8wmPA,2020-12-09,-4.0,20.0,11.0,-2.0,-3.0,3.0
QA,Qatar,,,Doha Metropolitan Area,,,ChIJZdMPFvvaRT4Rum09e_8wmPA,2020-12-10,-3.0,22.0,19.0,6.0,-4.0,3.0
QA,Qatar,,,Doha Metropolitan Area,,,ChIJZdMPFvvaRT4Rum09e_8wmPA,2020-12-11,-6.0,20.0,19.0,-3.0,0.0,1.0
QA,Qatar,,,Doha Metropolitan Area,,,ChIJZdMPFvvaRT4Rum09e_8wmPA,2020-12-12,-6.0,18.0,16.0,-1.0,4.0,2.0
QA,Qatar,,,Doha Metropolitan Area,,,ChIJZdMPFvvaRT4Rum09e_8wmPA,2020-12-13,-1.0,23.0,19.0,5.0,-4.0,3.0
QA,Qatar,,,Doha Metropolitan Area,,,ChIJZdMPFvvaRT4Rum09e_8wmPA,2020-12-14,-3.0,20.0,16.0,4.0,-4.0,2.0
QA,Qatar,,,Doha Metropolitan Area,,,ChIJZdMPFvvaRT4Rum09e_8wmPA,2020-12-15,-2.0,22.0,26.0,5.0,-5.0,2.0
QA,Qatar,,,Doha Metropolitan Area,,,ChIJZdMPFvvaRT4Rum09e_8wmPA,2020-12-16,4.0,27.0,28.0,8.0,-4.0,0.0
QA,Qatar,,,Doha Metropolitan Area,,,ChIJZdMPFvvaRT4Rum09e_8wmPA,2020-12-17,-2.0,30.0,45.0,3.0,-56.0,18.0
QA,Qatar,,,Doha Metropolitan Area,,,ChIJZdMPFvvaRT4Rum09e_8wmPA,2020-12-18,-8.0,10.0,81.0,15.0,-11.0,1.0
QA,Qatar,,,Doha Metropolitan Area,,,ChIJZdMPFvvaRT4Rum09e_8wmPA,2020-12-19,-8.0,15.0,18.0,-1.0,-1.0,2.0
QA,Qatar,,,Doha Metropolitan Area,,,ChIJZdMPFvvaRT4Rum09e_8wmPA,2020-12-20,0.0,22.0,22.0,6.0,-9.0,4.0
QA,Qatar,,,Doha Metropolitan Area,,,ChIJZdMPFvvaRT4Rum09e_8wmPA,2020-12-21,-3.0,19.0,18.0,4.0,-10.0,4.0
QA,Qatar,,,Doha Metropolitan Area,,,ChIJZdMPFvvaRT4Rum09e_8wmPA,2020-12-22,-3.0,19.0,22.0,3.0,-10.0,3.0
QA,Qatar,,,Doha Metropolitan Area,,,ChIJZdMPFvvaRT4Rum09e_8wmPA,2020-12-23,-4.0,21.0,17.0,2.0,-9.0,3.0
QA,Qatar,,,Doha Metropolitan Area,,,ChIJZdMPFvvaRT4Rum09e_8wmPA,2020-12-24,-5.0,24.0,13.0,4.0,-12.0,5.0
QA,Qatar,,,Doha Metropolitan Area,,,ChIJZdMPFvvaRT4Rum09e_8wmPA,2020-12-25,-11.0,12.0,-7.0,-9.0,-3.0,3.0
QA,Qatar,,,Doha Metropolitan Area,,,ChIJZdMPFvvaRT4Rum09e_8wmPA,2020-12-26,-10.0,11.0,-5.0,-5.0,0.0,3.0
QA,Qatar,,,Doha Metropolitan Area,,,ChIJZdMPFvvaRT4Rum09e_8wmPA,2020-12-27,-2.0,20.0,7.0,3.0,-10.0,5.0
QA,Qatar,,,Doha Metropolitan Area,,,ChIJZdMPFvvaRT4Rum09e_8wmPA,2020-12-28,-1.0,22.0,6.0,4.0,-10.0,4.0
QA,Qatar,,,Doha Metropolitan Area,,,ChIJZdMPFvvaRT4Rum09e_8wmPA,2020-12-29,0.0,24.0,11.0,5.0,-11.0,4.0
QA,Qatar,,,Doha Metropolitan Area,,,ChIJZdMPFvvaRT4Rum09e_8wmPA,2020-12-30,0.0,26.0,4.0,2.0,-10.0,4.0
QA,Qatar,,,Doha Metropolitan Area,,,ChIJZdMPFvvaRT4Rum09e_8wmPA,2020-12-31,0.0,30.0,14.0,7.0,-13.0,5.0
QA,Qatar,,,Doha Metropolitan Area,,,ChIJZdMPFvvaRT4Rum09e_8wmPA,2021-01-01,-9.0,15.0,22.0,-4.0,-2.0,1.0
QA,Qatar,,,Doha Metropolitan Area,,,ChIJZdMPFvvaRT4Rum09e_8wmPA,2021-01-02,-6.0,19.0,15.0,0.0,0.0,2.0
QA,Qatar,,,Doha Metropolitan Area,,,ChIJZdMPFvvaRT4Rum09e_8wmPA,2021-01-03,-2.0,24.0,15.0,4.0,-4.0,3.0
QA,Qatar,,,Doha Metropolitan Area,,,ChIJZdMPFvvaRT4Rum09e_8wmPA,2021-01-04,-5.0,21.0,12.0,4.0,-4.0,2.0
QA,Qatar,,,Doha Metropolitan Area,,,ChIJZdMPFvvaRT4Rum09e_8wmPA,2021-01-05,-5.0,20.0,20.0,4.0,-5.0,2.0
QA,Qatar,,,Doha Metropolitan Area,,,ChIJZdMPFvvaRT4Rum09e_8wmPA,2021-01-06,-6.0,19.0,9.0,1.0,-4.0,2.0
QA,Qatar,,,Doha Metropolitan Area,,,ChIJZdMPFvvaRT4Rum09e_8wmPA,2021-01-07,-5.0,21.0,16.0,6.0,-4.0,3.0
QA,Qatar,,,Doha Metropolitan Area,,,ChIJZdMPFvvaRT4Rum09e_8wmPA,2021-01-08,-7.0,18.0,14.0,-4.0,-1.0,1.0
QA,Qatar,,,Doha Metropolitan Area,,,ChIJZdMPFvvaRT4Rum09e_8wmPA,2021-01-09,-7.0,16.0,10.0,-1.0,1.0,0.0
QA,Qatar,,,Doha Metropolitan Area,,,ChIJZdMPFvvaRT4Rum09e_8wmPA,2021-01-10,-2.0,19.0,9.0,0.0,-4.0,2.0
QA,Qatar,,,Doha Metropolitan Area,,,ChIJZdMPFvvaRT4Rum09e_8wmPA,2021-01-11,-6.0,16.0,2.0,1.0,-4.0,2.0
QA,Qatar,,,Doha Metropolitan Area,,,ChIJZdMPFvvaRT4Rum09e_8wmPA,2021-01-12,-7.0,15.0,9.0,1.0,-5.0,2.0
QA,Qatar,,,Doha Metropolitan Area,,,ChIJZdMPFvvaRT4Rum09e_8wmPA,2021-01-13,-8.0,12.0,0.0,-5.0,-6.0,1.0
QA,Qatar,,,Doha Metropolitan Area,,,ChIJZdMPFvvaRT4Rum09e_8wmPA,2021-01-14,-7.0,12.0,4.0,-2.0,-9.0,1.0
QA,Qatar,,,Doha Metropolitan Area,,,ChIJZdMPFvvaRT4Rum09e_8wmPA,2021-01-15,-11.0,8.0,9.0,-13.0,-10.0,0.0
QA,Qatar,,,Doha Metropolitan Area,,,ChIJZdMPFvvaRT4Rum09e_8wmPA,2021-01-16,-12.0,8.0,3.0,-9.0,-6.0,0.0
QA,Qatar,,,Doha Metropolitan Area,,,ChIJZdMPFvvaRT4Rum09e_8wmPA,2021-01-17,-7.0,12.0,3.0,-6.0,-8.0,1.0
QA,Qatar,,,Doha Metropolitan Area,,,ChIJZdMPFvvaRT4Rum09e_8wmPA,2021-01-18,-9.0,10.0,2.0,-4.0,-8.0,2.0
QA,Qatar,,,Doha Metropolitan Area,,,ChIJZdMPFvvaRT4Rum09e_8wmPA,2021-01-19,-10.0,10.0,7.0,-4.0,-8.0,2.0
QA,Qatar,,,Doha Metropolitan Area,,,ChIJZdMPFvvaRT4Rum09e_8wmPA,2021-01-20,-12.0,8.0,1.0,-8.0,-7.0,2.0
QA,Qatar,,,Doha Metropolitan Area,,,ChIJZdMPFvvaRT4Rum09e_8wmPA,2021-01-21,-12.0,8.0,-15.0,-5.0,-7.0,4.0
QA,Qatar,,,Doha Metropolitan Area,,,ChIJZdMPFvvaRT4Rum09e_8wmPA,2021-01-22,-15.0,5.0,-21.0,-21.0,-7.0,4.0
QA,Qatar,,,Doha Metropolitan Area,,,ChIJZdMPFvvaRT4Rum09e_8wmPA,2021-01-23,-13.0,8.0,-5.0,-12.0,-2.0,2.0
QA,Qatar,,,Doha Metropolitan Area,,,ChIJZdMPFvvaRT4Rum09e_8wmPA,2021-01-24,-9.0,11.0,-1.0,-9.0,-6.0,2.0
QA,Qatar,,,Doha Metropolitan Area,,,ChIJZdMPFvvaRT4Rum09e_8wmPA,2021-01-25,-11.0,9.0,-1.0,-7.0,-6.0,2.0
QA,Qatar,,,Doha Metropolitan Area,,,ChIJZdMPFvvaRT4Rum09e_8wmPA,2021-01-26,-11.0,8.0,5.0,-6.0,-7.0,2.0
QA,Qatar,,,Doha Metropolitan Area,,,ChIJZdMPFvvaRT4Rum09e_8wmPA,2021-01-27,-10.0,9.0,-2.0,-9.0,-6.0,2.0
QA,Qatar,,,Doha Metropolitan Area,,,ChIJZdMPFvvaRT4Rum09e_8wmPA,2021-01-28,-5.0,15.0,3.0,-2.0,-6.0,1.0
QA,Qatar,,,Doha Metropolitan Area,,,ChIJZdMPFvvaRT4Rum09e_8wmPA,2021-01-29,-8.0,13.0,8.0,-14.0,-4.0,0.0
QA,Qatar,,,Doha Metropolitan Area,,,ChIJZdMPFvvaRT4Rum09e_8wmPA,2021-01-30,-5.0,16.0,7.0,-6.0,-1.0,-1.0
QA,Qatar,,,Doha Metropolitan Area,,,ChIJZdMPFvvaRT4Rum09e_8wmPA,2021-01-31,-1.0,22.0,6.0,-4.0,-5.0,-1.0
QA,Qatar,,,Doha Metropolitan Area,,,ChIJZdMPFvvaRT4Rum09e_8wmPA,2021-02-01,-2.0,20.0,3.0,-2.0,-6.0,-1.0
QA,Qatar,,,Doha Metropolitan Area,,,ChIJZdMPFvvaRT4Rum09e_8wmPA,2021-02-02,-3.0,20.0,10.0,-1.0,-7.0,-1.0
QA,Qatar,,,Doha Metropolitan Area,,,ChIJZdMPFvvaRT4Rum09e_8wmPA,2021-02-03,-6.0,17.0,3.0,-8.0,-6.0,0.0
QA,Qatar,,,Doha Metropolitan Area,,,ChIJZdMPFvvaRT4Rum09e_8wmPA,2021-02-04,-8.0,16.0,-1.0,-6.0,-7.0,2.0
QA,Qatar,,,Doha Metropolitan Area,,,ChIJZdMPFvvaRT4Rum09e_8wmPA,2021-02-05,-12.0,13.0,-4.0,-20.0,-5.0,2.0
QA,Qatar,,,Doha Metropolitan Area,,,ChIJZdMPFvvaRT4Rum09e_8wmPA,2021-02-06,-9.0,13.0,1.0,-12.0,-2.0,1.0
QA,Qatar,,,Doha Metropolitan Area,,,ChIJZdMPFvvaRT4Rum09e_8wmPA,2021-02-07,-5.0,16.0,3.0,-9.0,-7.0,1.0
QA,Qatar,,,Doha Metropolitan Area,,,ChIJZdMPFvvaRT4Rum09e_8wmPA,2021-02-08,0.0,21.0,6.0,-3.0,-8.0,0.0
QA,Qatar,,,Doha Metropolitan Area,,,ChIJZdMPFvvaRT4Rum09e_8wmPA,2021-02-09,-4.0,27.0,41.0,-20.0,-62.0,19.0
QA,Qatar,,,Doha Metropolitan Area,,,ChIJZdMPFvvaRT4Rum09e_8wmPA,2021-02-10,-10.0,12.0,-2.0,-11.0,-8.0,2.0
QA,Qatar,,,Doha Metropolitan Area,,,ChIJZdMPFvvaRT4Rum09e_8wmPA,2021-02-11,-11.0,12.0,1.0,-9.0,-9.0,3.0
QA,Qatar,,,Doha Metropolitan Area,,,ChIJZdMPFvvaRT4Rum09e_8wmPA,2021-02-12,-15.0,10.0,-3.0,-24.0,-5.0,2.0
QA,Qatar,,,Doha Metropolitan Area,,,ChIJZdMPFvvaRT4Rum09e_8wmPA,2021-02-13,-10.0,13.0,2.0,-16.0,-3.0,0.0
QA,Qatar,,,Doha Metropolitan Area,,,ChIJZdMPFvvaRT4Rum09e_8wmPA,2021-02-14,-3.0,20.0,6.0,-10.0,-7.0,0.0
QA,Qatar,,,Doha Metropolitan Area,,,ChIJZdMPFvvaRT4Rum09e_8wmPA,2021-02-15,-9.0,13.0,1.0,-10.0,-8.0,0.0
QA,Qatar,,,Doha Metropolitan Area,,,ChIJZdMPFvvaRT4Rum09e_8wmPA,2021-02-16,-9.0,14.0,7.0,-10.0,-9.0,0.0
QA,Qatar,,,Doha Metropolitan Area,,,ChIJZdMPFvvaRT4Rum09e_8wmPA,2021-02-17,-11.0,12.0,0.0,-11.0,-8.0,0.0
QA,Qatar,,,Doha Metropolitan Area,,,ChIJZdMPFvvaRT4Rum09e_8wmPA,2021-02-18,-9.0,14.0,3.0,-8.0,-8.0,1.0
QA,Qatar,,,Doha Metropolitan Area,,,ChIJZdMPFvvaRT4Rum09e_8wmPA,2021-02-19,-16.0,9.0,-15.0,-22.0,-6.0,2.0
QA,Qatar,,,Doha Metropolitan Area,,,ChIJZdMPFvvaRT4Rum09e_8wmPA,2021-02-20,-12.0,10.0,-2.0,-15.0,-3.0,0.0
QA,Qatar,,,Doha Metropolitan Area,,,ChIJZdMPFvvaRT4Rum09e_8wmPA,2021-02-21,-7.0,17.0,3.0,-9.0,-7.0,0.0
QA,Qatar,,,Doha Metropolitan Area,,,ChIJZdMPFvvaRT4Rum09e_8wmPA,2021-02-22,-10.0,13.0,1.0,-9.0,-7.0,0.0
QA,Qatar,,,Doha Metropolitan Area,,,ChIJZdMPFvvaRT4Rum09e_8wmPA,2021-02-23,-10.0,13.0,6.0,-11.0,-8.0,0.0
QA,Qatar,,,Doha Metropolitan Area,,,ChIJZdMPFvvaRT4Rum09e_8wmPA,2021-02-24,-11.0,11.0,1.0,-13.0,-8.0,0.0
QA,Qatar,,,Doha Metropolitan Area,,,ChIJZdMPFvvaRT4Rum09e_8wmPA,2021-02-25,-9.0,15.0,-1.0,-7.0,-8.0,1.0
QA,Qatar,,,Doha Metropolitan Area,,,ChIJZdMPFvvaRT4Rum09e_8wmPA,2021-02-26,-13.0,12.0,-9.0,-20.0,-7.0,2.0
QA,Qatar,,,Doha Metropolitan Area,,,ChIJZdMPFvvaRT4Rum09e_8wmPA,2021-02-27,-10.0,14.0,-2.0,-12.0,-3.0,-1.0
QA,Qatar,,,Doha Metropolitan Area,,,ChIJZdMPFvvaRT4Rum09e_8wmPA,2021-02-28,-2.0,24.0,3.0,-6.0,-7.0,-1.0
QA,Qatar,,,Doha Metropolitan Area,,,ChIJZdMPFvvaRT4Rum09e_8wmPA,2021-03-01,-4.0,21.0,2.0,-4.0,-8.0,-1.0
QA,Qatar,,,Doha Metropolitan Area,,,ChIJZdMPFvvaRT4Rum09e_8wmPA,2021-03-02,-4.0,21.0,7.0,-5.0,-9.0,-1.0
QA,Qatar,,,Doha Metropolitan Area,,,ChIJZdMPFvvaRT4Rum09e_8wmPA,2021-03-03,-5.0,20.0,1.0,-7.0,-8.0,-1.0
QA,Qatar,,,Doha Metropolitan Area,,,ChIJZdMPFvvaRT4Rum09e_8wmPA,2021-03-04,-4.0,21.0,6.0,-3.0,-9.0,0.0
QA,Qatar,,,Doha Metropolitan Area,,,ChIJZdMPFvvaRT4Rum09e_8wmPA,2021-03-05,-10.0,18.0,-13.0,-18.0,-7.0,2.0
QA,Qatar,,,Doha Metropolitan Area,,,ChIJZdMPFvvaRT4Rum09e_8wmPA,2021-03-06,-7.0,18.0,-4.0,-10.0,-4.0,0.0
QA,Qatar,,,Doha Metropolitan Area,,,ChIJZdMPFvvaRT4Rum09e_8wmPA,2021-03-07,-3.0,23.0,7.0,-7.0,-9.0,0.0
QA,Qatar,,,Doha Metropolitan Area,,,ChIJZdMPFvvaRT4Rum09e_8wmPA,2021-03-08,-5.0,19.0,6.0,-6.0,-9.0,0.0
QA,Qatar,,,Doha Metropolitan Area,,,ChIJZdMPFvvaRT4Rum09e_8wmPA,2021-03-09,-5.0,19.0,10.0,-5.0,-9.0,0.0
QA,Qatar,,,Doha Metropolitan Area,,,ChIJZdMPFvvaRT4Rum09e_8wmPA,2021-03-10,-7.0,17.0,2.0,-9.0,-9.0,0.0
QA,Qatar,,,Doha Metropolitan Area,,,ChIJZdMPFvvaRT4Rum09e_8wmPA,2021-03-11,-6.0,19.0,8.0,-6.0,-9.0,1.0
QA,Qatar,,,Doha Metropolitan Area,,,ChIJZdMPFvvaRT4Rum09e_8wmPA,2021-03-12,-11.0,14.0,-8.0,-20.0,-7.0,1.0
QA,Qatar,,,Doha Metropolitan Area,,,ChIJZdMPFvvaRT4Rum09e_8wmPA,2021-03-13,-10.0,13.0,-12.0,-14.0,-5.0,1.0
QA,Qatar,,,Doha Metropolitan Area,,,ChIJZdMPFvvaRT4Rum09e_8wmPA,2021-03-14,-2.0,21.0,11.0,-8.0,-11.0,0.0
QA,Qatar,,,Doha Metropolitan Area,,,ChIJZdMPFvvaRT4Rum09e_8wmPA,2021-03-15,-5.0,17.0,11.0,-6.0,-11.0,0.0
QA,Qatar,,,Doha Metropolitan Area,,,ChIJZdMPFvvaRT4Rum09e_8wmPA,2021-03-16,-6.0,17.0,16.0,-7.0,-12.0,1.0
QA,Qatar,,,Doha Metropolitan Area,,,ChIJZdMPFvvaRT4Rum09e_8wmPA,2021-03-17,-8.0,15.0,8.0,-10.0,-11.0,1.0
QA,Qatar,,,Doha Metropolitan Area,,,ChIJZdMPFvvaRT4Rum09e_8wmPA,2021-03-18,-8.0,16.0,8.0,-8.0,-11.0,2.0
QA,Qatar,,,Doha Metropolitan Area,,,ChIJZdMPFvvaRT4Rum09e_8wmPA,2021-03-19,-13.0,12.0,3.0,-23.0,-7.0,2.0
QA,Qatar,,,Doha Metropolitan Area,,,ChIJZdMPFvvaRT4Rum09e_8wmPA,2021-03-20,-10.0,13.0,0.0,-13.0,-4.0,0.0
QA,Qatar,,,Doha Metropolitan Area,,,ChIJZdMPFvvaRT4Rum09e_8wmPA,2021-03-21,-4.0,20.0,8.0,-9.0,-8.0,1.0
QA,Qatar,,,Doha Metropolitan Area,,,ChIJZdMPFvvaRT4Rum09e_8wmPA,2021-03-22,-8.0,15.0,4.0,-8.0,-9.0,1.0
QA,Qatar,,,Doha Metropolitan Area,,,ChIJZdMPFvvaRT4Rum09e_8wmPA,2021-03-23,-8.0,14.0,8.0,-10.0,-10.0,1.0
QA,Qatar,,,Doha Metropolitan Area,,,ChIJZdMPFvvaRT4Rum09e_8wmPA,2021-03-24,-9.0,13.0,1.0,-12.0,-10.0,1.0
QA,Qatar,,,Doha Metropolitan Area,,,ChIJZdMPFvvaRT4Rum09e_8wmPA,2021-03-25,-8.0,16.0,3.0,-9.0,-10.0,2.0
QA,Qatar,,,Doha Metropolitan Area,,,ChIJZdMPFvvaRT4Rum09e_8wmPA,2021-03-26,-18.0,8.0,-14.0,-27.0,-8.0,4.0
